train_data/cheerio40x80/cheerio_0000_40x80_0.jpg,炭酸飲料
train_data/cheerio40x80/cheerio_0000_40x80_1.jpg,炭酸飲料
train_data/cheerio40x80/cheerio_0000_40x80_2.jpg,炭酸飲料
train_data/cheerio40x80/cheerio_0000_40x80_3.jpg,炭酸飲料
train_data/cheerio40x80/cheerio_0000_40x80_4.jpg,炭酸飲料
train_data/cheerio40x80/cheerio_0000_40x80_5.jpg,炭酸飲料
train_data/cheerio40x80/cheerio_0000_40x80_6.jpg,炭酸飲料
train_data/cheerio40x80/cheerio_0000_40x80_7.jpg,炭酸飲料
train_data/cheerio40x80/cheerio_0000_40x80_8.jpg,炭酸飲料
train_data/cheerio40x80/cheerio_0000_40x80_9.jpg,炭酸飲料
train_data/cheerio40x80/cheerio_0000_40x80_10.jpg,炭酸飲料
train_data/cheerio40x80/cheerio_0000_40x80_11.jpg,炭酸飲料
train_data/cheerio40x80/cheerio_0000_40x80_12.jpg,炭酸飲料
train_data/cheerio40x80/cheerio_0000_40x80_13.jpg,炭酸飲料
train_data/cheerio40x80/cheerio_0000_40x80_14.jpg,炭酸飲料
train_data/cheerio40x80/cheerio_0000_40x80_15.jpg,炭酸飲料
train_data/cheerio40x80/cheerio_0000_40x80_16.jpg,炭酸飲料
train_data/cheerio40x80/cheerio_0000_40x80_17.jpg,炭酸飲料
train_data/cheerio40x80/cheerio_0000_40x80_18.jpg,炭酸飲料
train_data/cheerio40x80/cheerio_0000_40x80_19.jpg,炭酸飲料
train_data/cheerio40x80/cheerio_0000_40x80_20.jpg,炭酸飲料
train_data/cheerio40x80/cheerio_0000_40x80_21.jpg,炭酸飲料
train_data/cheerio40x80/cheerio_0000_40x80_22.jpg,炭酸飲料
train_data/cheerio40x80/cheerio_0000_40x80_23.jpg,炭酸飲料
train_data/cheerio40x80/cheerio_0000_40x80_24.jpg,炭酸飲料
train_data/cheerio40x80/cheerio_0000_40x80_25.jpg,炭酸飲料
train_data/cheerio40x80/cheerio_0000_40x80_26.jpg,炭酸飲料
train_data/cheerio40x80/cheerio_0000_40x80_27.jpg,炭酸飲料
train_data/cheerio40x80/cheerio_0000_40x80_28.jpg,炭酸飲料
train_data/cheerio40x80/cheerio_0000_40x80_29.jpg,炭酸飲料
train_data/cheerio40x80/cheerio_0000_40x80_30.jpg,炭酸飲料
train_data/cheerio40x80/cheerio_0000_40x80_31.jpg,炭酸飲料
train_data/cheerio40x80/cheerio_0000_40x80_32.jpg,炭酸飲料
train_data/cheerio40x80/cheerio_0000_40x80_33.jpg,炭酸飲料
train_data/cheerio40x80/cheerio_0000_40x80_34.jpg,炭酸飲料
train_data/cheerio40x80/cheerio_0000_40x80_35.jpg,炭酸飲料
train_data/cheerio40x80/cheerio_0000_40x80_36.jpg,炭酸飲料
train_data/cheerio40x80/cheerio_0000_40x80_37.jpg,炭酸飲料
train_data/cheerio40x80/cheerio_0000_40x80_38.jpg,炭酸飲料
train_data/cheerio40x80/cheerio_0000_40x80_39.jpg,炭酸飲料
train_data/cheerio40x80/cheerio_0000_40x80_40.jpg,炭酸飲料
train_data/cheerio40x80/cheerio_0000_40x80_41.jpg,炭酸飲料
train_data/cheerio40x80/cheerio_0000_40x80_42.jpg,炭酸飲料
train_data/cheerio40x80/cheerio_0000_40x80_43.jpg,炭酸飲料
train_data/cheerio40x80/cheerio_0000_40x80_44.jpg,炭酸飲料
train_data/cheerio40x80/cheerio_0000_40x80_45.jpg,炭酸飲料
train_data/cheerio40x80/cheerio_0000_40x80_46.jpg,炭酸飲料
train_data/cheerio40x80/cheerio_0000_40x80_47.jpg,炭酸飲料
train_data/cheerio40x80/cheerio_0000_40x80_48.jpg,炭酸飲料
train_data/cheerio40x80/cheerio_0000_40x80_49.jpg,炭酸飲料
train_data/cheerio40x80/cheerio_0000_40x80_50.jpg,炭酸飲料
train_data/cheerio40x80/cheerio_0000_40x80_51.jpg,炭酸飲料
train_data/cheerio40x80/cheerio_0000_40x80_52.jpg,炭酸飲料
train_data/cheerio40x80/cheerio_0000_40x80_53.jpg,炭酸飲料
train_data/cheerio40x80/cheerio_0000_40x80_54.jpg,炭酸飲料
train_data/cheerio40x80/cheerio_0000_40x80_55.jpg,炭酸飲料
train_data/cheerio40x80/cheerio_0000_40x80_56.jpg,炭酸飲料
train_data/cheerio40x80/cheerio_0000_40x80_57.jpg,炭酸飲料
train_data/cheerio40x80/cheerio_0000_40x80_58.jpg,炭酸飲料
train_data/cheerio40x80/cheerio_0000_40x80_59.jpg,炭酸飲料
train_data/cheerio40x80/cheerio_0000_40x80_60.jpg,炭酸飲料
train_data/cheerio40x80/cheerio_0000_40x80_61.jpg,炭酸飲料
train_data/cheerio40x80/cheerio_0000_40x80_62.jpg,炭酸飲料
train_data/cheerio40x80/cheerio_0000_40x80_63.jpg,炭酸飲料
train_data/cheerio40x80/cheerio_0000_40x80_64.jpg,炭酸飲料
train_data/cheerio40x80/cheerio_0000_40x80_65.jpg,炭酸飲料
train_data/cheerio40x80/cheerio_0000_40x80_66.jpg,炭酸飲料
train_data/cheerio40x80/cheerio_0000_40x80_67.jpg,炭酸飲料
train_data/cheerio40x80/cheerio_0000_40x80_68.jpg,炭酸飲料
train_data/cheerio40x80/cheerio_0000_40x80_69.jpg,炭酸飲料
train_data/cheerio40x80/cheerio_0000_40x80_70.jpg,炭酸飲料
train_data/cheerio40x80/cheerio_0000_40x80_71.jpg,炭酸飲料
train_data/cheerio40x80/cheerio_0000_40x80_72.jpg,炭酸飲料
train_data/cheerio40x80/cheerio_0000_40x80_73.jpg,炭酸飲料
train_data/cheerio40x80/cheerio_0000_40x80_74.jpg,炭酸飲料
train_data/cheerio40x80/cheerio_0000_40x80_75.jpg,炭酸飲料
train_data/cheerio40x80/cheerio_0000_40x80_76.jpg,炭酸飲料
train_data/cheerio40x80/cheerio_0000_40x80_77.jpg,炭酸飲料
train_data/cheerio40x80/cheerio_0000_40x80_78.jpg,炭酸飲料
train_data/cheerio40x80/cheerio_0000_40x80_79.jpg,炭酸飲料
train_data/cheerio40x80/cheerio_0000_40x80_80.jpg,炭酸飲料
train_data/cheerio40x80/cheerio_0000_40x80_81.jpg,炭酸飲料
train_data/cheerio40x80/cheerio_0000_40x80_82.jpg,炭酸飲料
train_data/cheerio40x80/cheerio_0000_40x80_83.jpg,炭酸飲料
train_data/cheerio40x80/cheerio_0000_40x80_84.jpg,炭酸飲料
train_data/cheerio40x80/cheerio_0000_40x80_85.jpg,炭酸飲料
train_data/cheerio40x80/cheerio_0000_40x80_86.jpg,炭酸飲料
train_data/cheerio40x80/cheerio_0000_40x80_87.jpg,炭酸飲料
train_data/cheerio40x80/cheerio_0001_40x80_0.jpg,炭酸飲料
train_data/cheerio40x80/cheerio_0001_40x80_1.jpg,炭酸飲料
train_data/cheerio40x80/cheerio_0001_40x80_2.jpg,炭酸飲料
train_data/cheerio40x80/cheerio_0001_40x80_3.jpg,炭酸飲料
train_data/cheerio40x80/cheerio_0001_40x80_4.jpg,炭酸飲料
train_data/cheerio40x80/cheerio_0001_40x80_5.jpg,炭酸飲料
train_data/cheerio40x80/cheerio_0001_40x80_6.jpg,炭酸飲料
train_data/cheerio40x80/cheerio_0001_40x80_7.jpg,炭酸飲料
train_data/cheerio40x80/cheerio_0001_40x80_8.jpg,炭酸飲料
train_data/cheerio40x80/cheerio_0001_40x80_9.jpg,炭酸飲料
train_data/cheerio40x80/cheerio_0001_40x80_10.jpg,炭酸飲料
train_data/cheerio40x80/cheerio_0001_40x80_11.jpg,炭酸飲料
train_data/cheerio40x80/cheerio_0001_40x80_12.jpg,炭酸飲料
train_data/cheerio40x80/cheerio_0001_40x80_13.jpg,炭酸飲料
train_data/cheerio40x80/cheerio_0001_40x80_14.jpg,炭酸飲料
train_data/cheerio40x80/cheerio_0001_40x80_15.jpg,炭酸飲料
train_data/cheerio40x80/cheerio_0001_40x80_16.jpg,炭酸飲料
train_data/cheerio40x80/cheerio_0001_40x80_17.jpg,炭酸飲料
train_data/cheerio40x80/cheerio_0001_40x80_18.jpg,炭酸飲料
train_data/cheerio40x80/cheerio_0001_40x80_19.jpg,炭酸飲料
train_data/cheerio40x80/cheerio_0001_40x80_20.jpg,炭酸飲料
train_data/cheerio40x80/cheerio_0001_40x80_21.jpg,炭酸飲料
train_data/cheerio40x80/cheerio_0001_40x80_22.jpg,炭酸飲料
train_data/cheerio40x80/cheerio_0001_40x80_23.jpg,炭酸飲料
train_data/cheerio40x80/cheerio_0001_40x80_24.jpg,炭酸飲料
train_data/cheerio40x80/cheerio_0001_40x80_25.jpg,炭酸飲料
train_data/cheerio40x80/cheerio_0001_40x80_26.jpg,炭酸飲料
train_data/cheerio40x80/cheerio_0001_40x80_27.jpg,炭酸飲料
train_data/cheerio40x80/cheerio_0001_40x80_28.jpg,炭酸飲料
train_data/cheerio40x80/cheerio_0001_40x80_29.jpg,炭酸飲料
train_data/cheerio40x80/cheerio_0001_40x80_30.jpg,炭酸飲料
train_data/cheerio40x80/cheerio_0001_40x80_31.jpg,炭酸飲料
train_data/cheerio40x80/cheerio_0001_40x80_32.jpg,炭酸飲料
train_data/cheerio40x80/cheerio_0001_40x80_33.jpg,炭酸飲料
train_data/cheerio40x80/cheerio_0001_40x80_34.jpg,炭酸飲料
train_data/cheerio40x80/cheerio_0001_40x80_35.jpg,炭酸飲料
train_data/cheerio40x80/cheerio_0001_40x80_36.jpg,炭酸飲料
train_data/cheerio40x80/cheerio_0001_40x80_37.jpg,炭酸飲料
train_data/cheerio40x80/cheerio_0001_40x80_38.jpg,炭酸飲料
train_data/cheerio40x80/cheerio_0001_40x80_39.jpg,炭酸飲料
train_data/cheerio40x80/cheerio_0001_40x80_40.jpg,炭酸飲料
train_data/cheerio40x80/cheerio_0001_40x80_41.jpg,炭酸飲料
train_data/cheerio40x80/cheerio_0001_40x80_42.jpg,炭酸飲料
train_data/cheerio40x80/cheerio_0001_40x80_43.jpg,炭酸飲料
train_data/cheerio40x80/cheerio_0001_40x80_44.jpg,炭酸飲料
train_data/cheerio40x80/cheerio_0001_40x80_45.jpg,炭酸飲料
train_data/cheerio40x80/cheerio_0001_40x80_46.jpg,炭酸飲料
train_data/cheerio40x80/cheerio_0001_40x80_47.jpg,炭酸飲料
train_data/cheerio40x80/cheerio_0001_40x80_48.jpg,炭酸飲料
train_data/cheerio40x80/cheerio_0001_40x80_49.jpg,炭酸飲料
train_data/cheerio40x80/cheerio_0001_40x80_50.jpg,炭酸飲料
train_data/cheerio40x80/cheerio_0001_40x80_51.jpg,炭酸飲料
train_data/cheerio40x80/cheerio_0001_40x80_52.jpg,炭酸飲料
train_data/cheerio40x80/cheerio_0001_40x80_53.jpg,炭酸飲料
train_data/cheerio40x80/cheerio_0001_40x80_54.jpg,炭酸飲料
train_data/cheerio40x80/cheerio_0001_40x80_55.jpg,炭酸飲料
train_data/cheerio40x80/cheerio_0001_40x80_56.jpg,炭酸飲料
train_data/cheerio40x80/cheerio_0001_40x80_57.jpg,炭酸飲料
train_data/cheerio40x80/cheerio_0001_40x80_58.jpg,炭酸飲料
train_data/cheerio40x80/cheerio_0001_40x80_59.jpg,炭酸飲料
train_data/cheerio40x80/cheerio_0001_40x80_60.jpg,炭酸飲料
train_data/cheerio40x80/cheerio_0001_40x80_61.jpg,炭酸飲料
train_data/cheerio40x80/cheerio_0001_40x80_62.jpg,炭酸飲料
train_data/cheerio40x80/cheerio_0001_40x80_63.jpg,炭酸飲料
train_data/cheerio40x80/cheerio_0001_40x80_64.jpg,炭酸飲料
train_data/cheerio40x80/cheerio_0001_40x80_65.jpg,炭酸飲料
train_data/cheerio40x80/cheerio_0001_40x80_66.jpg,炭酸飲料
train_data/cheerio40x80/cheerio_0001_40x80_67.jpg,炭酸飲料
train_data/cheerio40x80/cheerio_0001_40x80_68.jpg,炭酸飲料
train_data/cheerio40x80/cheerio_0001_40x80_69.jpg,炭酸飲料
train_data/cheerio40x80/cheerio_0001_40x80_70.jpg,炭酸飲料
train_data/cheerio40x80/cheerio_0001_40x80_71.jpg,炭酸飲料
train_data/cheerio40x80/cheerio_0001_40x80_72.jpg,炭酸飲料
train_data/cheerio40x80/cheerio_0001_40x80_73.jpg,炭酸飲料
train_data/cheerio40x80/cheerio_0001_40x80_74.jpg,炭酸飲料
train_data/cheerio40x80/cheerio_0001_40x80_75.jpg,炭酸飲料
train_data/cheerio40x80/cheerio_0001_40x80_76.jpg,炭酸飲料
train_data/cheerio40x80/cheerio_0001_40x80_77.jpg,炭酸飲料
train_data/cheerio40x80/cheerio_0001_40x80_78.jpg,炭酸飲料
train_data/cheerio40x80/cheerio_0001_40x80_79.jpg,炭酸飲料
train_data/cheerio40x80/cheerio_0001_40x80_80.jpg,炭酸飲料
train_data/cheerio40x80/cheerio_0001_40x80_81.jpg,炭酸飲料
train_data/cheerio40x80/cheerio_0001_40x80_82.jpg,炭酸飲料
train_data/cheerio40x80/cheerio_0001_40x80_83.jpg,炭酸飲料
train_data/cheerio40x80/cheerio_0001_40x80_84.jpg,炭酸飲料
train_data/cheerio40x80/cheerio_0001_40x80_85.jpg,炭酸飲料
train_data/cheerio40x80/cheerio_0001_40x80_86.jpg,炭酸飲料
train_data/cheerio40x80/cheerio_0001_40x80_87.jpg,炭酸飲料
train_data/cheerio40x80/cheerio_0002_40x80_0.jpg,炭酸飲料
train_data/cheerio40x80/cheerio_0002_40x80_1.jpg,炭酸飲料
train_data/cheerio40x80/cheerio_0002_40x80_2.jpg,炭酸飲料
train_data/cheerio40x80/cheerio_0002_40x80_3.jpg,炭酸飲料
train_data/cheerio40x80/cheerio_0002_40x80_4.jpg,炭酸飲料
train_data/cheerio40x80/cheerio_0002_40x80_5.jpg,炭酸飲料
train_data/cheerio40x80/cheerio_0002_40x80_6.jpg,炭酸飲料
train_data/cheerio40x80/cheerio_0002_40x80_7.jpg,炭酸飲料
train_data/cheerio40x80/cheerio_0002_40x80_8.jpg,炭酸飲料
train_data/cheerio40x80/cheerio_0002_40x80_9.jpg,炭酸飲料
train_data/cheerio40x80/cheerio_0002_40x80_10.jpg,炭酸飲料
train_data/cheerio40x80/cheerio_0002_40x80_11.jpg,炭酸飲料
train_data/cheerio40x80/cheerio_0002_40x80_12.jpg,炭酸飲料
train_data/cheerio40x80/cheerio_0002_40x80_13.jpg,炭酸飲料
train_data/cheerio40x80/cheerio_0002_40x80_14.jpg,炭酸飲料
train_data/cheerio40x80/cheerio_0002_40x80_15.jpg,炭酸飲料
train_data/cheerio40x80/cheerio_0002_40x80_16.jpg,炭酸飲料
train_data/cheerio40x80/cheerio_0002_40x80_17.jpg,炭酸飲料
train_data/cheerio40x80/cheerio_0002_40x80_18.jpg,炭酸飲料
train_data/cheerio40x80/cheerio_0002_40x80_19.jpg,炭酸飲料
train_data/cheerio40x80/cheerio_0002_40x80_20.jpg,炭酸飲料
train_data/cheerio40x80/cheerio_0002_40x80_21.jpg,炭酸飲料
train_data/cheerio40x80/cheerio_0002_40x80_22.jpg,炭酸飲料
train_data/cheerio40x80/cheerio_0002_40x80_23.jpg,炭酸飲料
train_data/cheerio40x80/cheerio_0002_40x80_24.jpg,炭酸飲料
train_data/cheerio40x80/cheerio_0002_40x80_25.jpg,炭酸飲料
train_data/cheerio40x80/cheerio_0002_40x80_26.jpg,炭酸飲料
train_data/cheerio40x80/cheerio_0002_40x80_27.jpg,炭酸飲料
train_data/cheerio40x80/cheerio_0002_40x80_28.jpg,炭酸飲料
train_data/cheerio40x80/cheerio_0002_40x80_29.jpg,炭酸飲料
train_data/cheerio40x80/cheerio_0002_40x80_30.jpg,炭酸飲料
train_data/cheerio40x80/cheerio_0002_40x80_31.jpg,炭酸飲料
train_data/cheerio40x80/cheerio_0002_40x80_32.jpg,炭酸飲料
train_data/cheerio40x80/cheerio_0002_40x80_33.jpg,炭酸飲料
train_data/cheerio40x80/cheerio_0002_40x80_34.jpg,炭酸飲料
train_data/cheerio40x80/cheerio_0002_40x80_35.jpg,炭酸飲料
train_data/cheerio40x80/cheerio_0002_40x80_36.jpg,炭酸飲料
train_data/cheerio40x80/cheerio_0002_40x80_37.jpg,炭酸飲料
train_data/cheerio40x80/cheerio_0002_40x80_38.jpg,炭酸飲料
train_data/cheerio40x80/cheerio_0002_40x80_39.jpg,炭酸飲料
train_data/cheerio40x80/cheerio_0002_40x80_40.jpg,炭酸飲料
train_data/cheerio40x80/cheerio_0002_40x80_41.jpg,炭酸飲料
train_data/cheerio40x80/cheerio_0002_40x80_42.jpg,炭酸飲料
train_data/cheerio40x80/cheerio_0002_40x80_43.jpg,炭酸飲料
train_data/cheerio40x80/cheerio_0002_40x80_44.jpg,炭酸飲料
train_data/cheerio40x80/cheerio_0002_40x80_45.jpg,炭酸飲料
train_data/cheerio40x80/cheerio_0002_40x80_46.jpg,炭酸飲料
train_data/cheerio40x80/cheerio_0002_40x80_47.jpg,炭酸飲料
train_data/cheerio40x80/cheerio_0002_40x80_48.jpg,炭酸飲料
train_data/cheerio40x80/cheerio_0002_40x80_49.jpg,炭酸飲料
train_data/cheerio40x80/cheerio_0002_40x80_50.jpg,炭酸飲料
train_data/cheerio40x80/cheerio_0002_40x80_51.jpg,炭酸飲料
train_data/cheerio40x80/cheerio_0002_40x80_52.jpg,炭酸飲料
train_data/cheerio40x80/cheerio_0002_40x80_53.jpg,炭酸飲料
train_data/cheerio40x80/cheerio_0002_40x80_54.jpg,炭酸飲料
train_data/cheerio40x80/cheerio_0002_40x80_55.jpg,炭酸飲料
train_data/cheerio40x80/cheerio_0002_40x80_56.jpg,炭酸飲料
train_data/cheerio40x80/cheerio_0002_40x80_57.jpg,炭酸飲料
train_data/cheerio40x80/cheerio_0002_40x80_58.jpg,炭酸飲料
train_data/cheerio40x80/cheerio_0002_40x80_59.jpg,炭酸飲料
train_data/cheerio40x80/cheerio_0002_40x80_60.jpg,炭酸飲料
train_data/cheerio40x80/cheerio_0002_40x80_61.jpg,炭酸飲料
train_data/cheerio40x80/cheerio_0002_40x80_62.jpg,炭酸飲料
train_data/cheerio40x80/cheerio_0002_40x80_63.jpg,炭酸飲料
train_data/cheerio40x80/cheerio_0002_40x80_64.jpg,炭酸飲料
train_data/cheerio40x80/cheerio_0002_40x80_65.jpg,炭酸飲料
train_data/cheerio40x80/cheerio_0002_40x80_66.jpg,炭酸飲料
train_data/cheerio40x80/cheerio_0002_40x80_67.jpg,炭酸飲料
train_data/cheerio40x80/cheerio_0002_40x80_68.jpg,炭酸飲料
train_data/cheerio40x80/cheerio_0002_40x80_69.jpg,炭酸飲料
train_data/cheerio40x80/cheerio_0002_40x80_70.jpg,炭酸飲料
train_data/cheerio40x80/cheerio_0002_40x80_71.jpg,炭酸飲料
train_data/cheerio40x80/cheerio_0002_40x80_72.jpg,炭酸飲料
train_data/cheerio40x80/cheerio_0002_40x80_73.jpg,炭酸飲料
train_data/cheerio40x80/cheerio_0002_40x80_74.jpg,炭酸飲料
train_data/cheerio40x80/cheerio_0002_40x80_75.jpg,炭酸飲料
train_data/cheerio40x80/cheerio_0002_40x80_76.jpg,炭酸飲料
train_data/cheerio40x80/cheerio_0002_40x80_77.jpg,炭酸飲料
train_data/cheerio40x80/cheerio_0002_40x80_78.jpg,炭酸飲料
train_data/cheerio40x80/cheerio_0002_40x80_79.jpg,炭酸飲料
train_data/cheerio40x80/cheerio_0002_40x80_80.jpg,炭酸飲料
train_data/cheerio40x80/cheerio_0002_40x80_81.jpg,炭酸飲料
train_data/cheerio40x80/cheerio_0002_40x80_82.jpg,炭酸飲料
train_data/cheerio40x80/cheerio_0002_40x80_83.jpg,炭酸飲料
train_data/cheerio40x80/cheerio_0002_40x80_84.jpg,炭酸飲料
train_data/cheerio40x80/cheerio_0002_40x80_85.jpg,炭酸飲料
train_data/cheerio40x80/cheerio_0002_40x80_86.jpg,炭酸飲料
train_data/cheerio40x80/cheerio_0002_40x80_87.jpg,炭酸飲料
train_data/cheerio40x80/cheerio_0003_40x80_0.jpg,炭酸飲料
train_data/cheerio40x80/cheerio_0003_40x80_1.jpg,炭酸飲料
train_data/cheerio40x80/cheerio_0003_40x80_2.jpg,炭酸飲料
train_data/cheerio40x80/cheerio_0003_40x80_3.jpg,炭酸飲料
train_data/cheerio40x80/cheerio_0003_40x80_4.jpg,炭酸飲料
train_data/cheerio40x80/cheerio_0003_40x80_5.jpg,炭酸飲料
train_data/cheerio40x80/cheerio_0003_40x80_6.jpg,炭酸飲料
train_data/cheerio40x80/cheerio_0003_40x80_7.jpg,炭酸飲料
train_data/cheerio40x80/cheerio_0003_40x80_8.jpg,炭酸飲料
train_data/cheerio40x80/cheerio_0003_40x80_9.jpg,炭酸飲料
train_data/cheerio40x80/cheerio_0003_40x80_10.jpg,炭酸飲料
train_data/cheerio40x80/cheerio_0003_40x80_11.jpg,炭酸飲料
train_data/cheerio40x80/cheerio_0003_40x80_12.jpg,炭酸飲料
train_data/cheerio40x80/cheerio_0003_40x80_13.jpg,炭酸飲料
train_data/cheerio40x80/cheerio_0003_40x80_14.jpg,炭酸飲料
train_data/cheerio40x80/cheerio_0003_40x80_15.jpg,炭酸飲料
train_data/cheerio40x80/cheerio_0003_40x80_16.jpg,炭酸飲料
train_data/cheerio40x80/cheerio_0003_40x80_17.jpg,炭酸飲料
train_data/cheerio40x80/cheerio_0003_40x80_18.jpg,炭酸飲料
train_data/cheerio40x80/cheerio_0003_40x80_19.jpg,炭酸飲料
train_data/cheerio40x80/cheerio_0003_40x80_20.jpg,炭酸飲料
train_data/cheerio40x80/cheerio_0003_40x80_21.jpg,炭酸飲料
train_data/cheerio40x80/cheerio_0003_40x80_22.jpg,炭酸飲料
train_data/cheerio40x80/cheerio_0003_40x80_23.jpg,炭酸飲料
train_data/cheerio40x80/cheerio_0003_40x80_24.jpg,炭酸飲料
train_data/cheerio40x80/cheerio_0003_40x80_25.jpg,炭酸飲料
train_data/cheerio40x80/cheerio_0003_40x80_26.jpg,炭酸飲料
train_data/cheerio40x80/cheerio_0003_40x80_27.jpg,炭酸飲料
train_data/cheerio40x80/cheerio_0003_40x80_28.jpg,炭酸飲料
train_data/cheerio40x80/cheerio_0003_40x80_29.jpg,炭酸飲料
train_data/cheerio40x80/cheerio_0003_40x80_30.jpg,炭酸飲料
train_data/cheerio40x80/cheerio_0003_40x80_31.jpg,炭酸飲料
train_data/cheerio40x80/cheerio_0003_40x80_32.jpg,炭酸飲料
train_data/cheerio40x80/cheerio_0003_40x80_33.jpg,炭酸飲料
train_data/cheerio40x80/cheerio_0003_40x80_34.jpg,炭酸飲料
train_data/cheerio40x80/cheerio_0003_40x80_35.jpg,炭酸飲料
train_data/cheerio40x80/cheerio_0003_40x80_36.jpg,炭酸飲料
train_data/cheerio40x80/cheerio_0003_40x80_37.jpg,炭酸飲料
train_data/cheerio40x80/cheerio_0003_40x80_38.jpg,炭酸飲料
train_data/cheerio40x80/cheerio_0003_40x80_39.jpg,炭酸飲料
train_data/cheerio40x80/cheerio_0003_40x80_40.jpg,炭酸飲料
train_data/cheerio40x80/cheerio_0003_40x80_41.jpg,炭酸飲料
train_data/cheerio40x80/cheerio_0003_40x80_42.jpg,炭酸飲料
train_data/cheerio40x80/cheerio_0003_40x80_43.jpg,炭酸飲料
train_data/cheerio40x80/cheerio_0003_40x80_44.jpg,炭酸飲料
train_data/cheerio40x80/cheerio_0003_40x80_45.jpg,炭酸飲料
train_data/cheerio40x80/cheerio_0003_40x80_46.jpg,炭酸飲料
train_data/cheerio40x80/cheerio_0003_40x80_47.jpg,炭酸飲料
train_data/cheerio40x80/cheerio_0003_40x80_48.jpg,炭酸飲料
train_data/cheerio40x80/cheerio_0003_40x80_49.jpg,炭酸飲料
train_data/cheerio40x80/cheerio_0003_40x80_50.jpg,炭酸飲料
train_data/cheerio40x80/cheerio_0003_40x80_51.jpg,炭酸飲料
train_data/cheerio40x80/cheerio_0003_40x80_52.jpg,炭酸飲料
train_data/cheerio40x80/cheerio_0003_40x80_53.jpg,炭酸飲料
train_data/cheerio40x80/cheerio_0003_40x80_54.jpg,炭酸飲料
train_data/cheerio40x80/cheerio_0003_40x80_55.jpg,炭酸飲料
train_data/cheerio40x80/cheerio_0003_40x80_56.jpg,炭酸飲料
train_data/cheerio40x80/cheerio_0003_40x80_57.jpg,炭酸飲料
train_data/cheerio40x80/cheerio_0003_40x80_58.jpg,炭酸飲料
train_data/cheerio40x80/cheerio_0003_40x80_59.jpg,炭酸飲料
train_data/cheerio40x80/cheerio_0003_40x80_60.jpg,炭酸飲料
train_data/cheerio40x80/cheerio_0003_40x80_61.jpg,炭酸飲料
train_data/cheerio40x80/cheerio_0003_40x80_62.jpg,炭酸飲料
train_data/cheerio40x80/cheerio_0003_40x80_63.jpg,炭酸飲料
train_data/cheerio40x80/cheerio_0003_40x80_64.jpg,炭酸飲料
train_data/cheerio40x80/cheerio_0003_40x80_65.jpg,炭酸飲料
train_data/cheerio40x80/cheerio_0003_40x80_66.jpg,炭酸飲料
train_data/cheerio40x80/cheerio_0003_40x80_67.jpg,炭酸飲料
train_data/cheerio40x80/cheerio_0003_40x80_68.jpg,炭酸飲料
train_data/cheerio40x80/cheerio_0003_40x80_69.jpg,炭酸飲料
train_data/cheerio40x80/cheerio_0003_40x80_70.jpg,炭酸飲料
train_data/cheerio40x80/cheerio_0003_40x80_71.jpg,炭酸飲料
train_data/cheerio40x80/cheerio_0003_40x80_72.jpg,炭酸飲料
train_data/cheerio40x80/cheerio_0003_40x80_73.jpg,炭酸飲料
train_data/cheerio40x80/cheerio_0003_40x80_74.jpg,炭酸飲料
train_data/cheerio40x80/cheerio_0003_40x80_75.jpg,炭酸飲料
train_data/cheerio40x80/cheerio_0003_40x80_76.jpg,炭酸飲料
train_data/cheerio40x80/cheerio_0003_40x80_77.jpg,炭酸飲料
train_data/cheerio40x80/cheerio_0003_40x80_78.jpg,炭酸飲料
train_data/cheerio40x80/cheerio_0003_40x80_79.jpg,炭酸飲料
train_data/cheerio40x80/cheerio_0003_40x80_80.jpg,炭酸飲料
train_data/cheerio40x80/cheerio_0003_40x80_81.jpg,炭酸飲料
train_data/cheerio40x80/cheerio_0003_40x80_82.jpg,炭酸飲料
train_data/cheerio40x80/cheerio_0003_40x80_83.jpg,炭酸飲料
train_data/cheerio40x80/cheerio_0003_40x80_84.jpg,炭酸飲料
train_data/cheerio40x80/cheerio_0003_40x80_85.jpg,炭酸飲料
train_data/cheerio40x80/cheerio_0003_40x80_86.jpg,炭酸飲料
train_data/cheerio40x80/cheerio_0003_40x80_87.jpg,炭酸飲料
train_data/cheerio40x80/cheerio_0004_40x80_0.jpg,炭酸飲料
train_data/cheerio40x80/cheerio_0004_40x80_1.jpg,炭酸飲料
train_data/cheerio40x80/cheerio_0004_40x80_2.jpg,炭酸飲料
train_data/cheerio40x80/cheerio_0004_40x80_3.jpg,炭酸飲料
train_data/cheerio40x80/cheerio_0004_40x80_4.jpg,炭酸飲料
train_data/cheerio40x80/cheerio_0004_40x80_5.jpg,炭酸飲料
train_data/cheerio40x80/cheerio_0004_40x80_6.jpg,炭酸飲料
train_data/cheerio40x80/cheerio_0004_40x80_7.jpg,炭酸飲料
train_data/cheerio40x80/cheerio_0004_40x80_8.jpg,炭酸飲料
train_data/cheerio40x80/cheerio_0004_40x80_9.jpg,炭酸飲料
train_data/cheerio40x80/cheerio_0004_40x80_10.jpg,炭酸飲料
train_data/cheerio40x80/cheerio_0004_40x80_11.jpg,炭酸飲料
train_data/cheerio40x80/cheerio_0004_40x80_12.jpg,炭酸飲料
train_data/cheerio40x80/cheerio_0004_40x80_13.jpg,炭酸飲料
train_data/cheerio40x80/cheerio_0004_40x80_14.jpg,炭酸飲料
train_data/cheerio40x80/cheerio_0004_40x80_15.jpg,炭酸飲料
train_data/cheerio40x80/cheerio_0004_40x80_16.jpg,炭酸飲料
train_data/cheerio40x80/cheerio_0004_40x80_17.jpg,炭酸飲料
train_data/cheerio40x80/cheerio_0004_40x80_18.jpg,炭酸飲料
train_data/cheerio40x80/cheerio_0004_40x80_19.jpg,炭酸飲料
train_data/cheerio40x80/cheerio_0004_40x80_20.jpg,炭酸飲料
train_data/cheerio40x80/cheerio_0004_40x80_21.jpg,炭酸飲料
train_data/cheerio40x80/cheerio_0004_40x80_22.jpg,炭酸飲料
train_data/cheerio40x80/cheerio_0004_40x80_23.jpg,炭酸飲料
train_data/cheerio40x80/cheerio_0004_40x80_24.jpg,炭酸飲料
train_data/cheerio40x80/cheerio_0004_40x80_25.jpg,炭酸飲料
train_data/cheerio40x80/cheerio_0004_40x80_26.jpg,炭酸飲料
train_data/cheerio40x80/cheerio_0004_40x80_27.jpg,炭酸飲料
train_data/cheerio40x80/cheerio_0004_40x80_28.jpg,炭酸飲料
train_data/cheerio40x80/cheerio_0004_40x80_29.jpg,炭酸飲料
train_data/cheerio40x80/cheerio_0004_40x80_30.jpg,炭酸飲料
train_data/cheerio40x80/cheerio_0004_40x80_31.jpg,炭酸飲料
train_data/cheerio40x80/cheerio_0004_40x80_32.jpg,炭酸飲料
train_data/cheerio40x80/cheerio_0004_40x80_33.jpg,炭酸飲料
train_data/cheerio40x80/cheerio_0004_40x80_34.jpg,炭酸飲料
train_data/cheerio40x80/cheerio_0004_40x80_35.jpg,炭酸飲料
train_data/cheerio40x80/cheerio_0004_40x80_36.jpg,炭酸飲料
train_data/cheerio40x80/cheerio_0004_40x80_37.jpg,炭酸飲料
train_data/cheerio40x80/cheerio_0004_40x80_38.jpg,炭酸飲料
train_data/cheerio40x80/cheerio_0004_40x80_39.jpg,炭酸飲料
train_data/cheerio40x80/cheerio_0004_40x80_40.jpg,炭酸飲料
train_data/cheerio40x80/cheerio_0004_40x80_41.jpg,炭酸飲料
train_data/cheerio40x80/cheerio_0004_40x80_42.jpg,炭酸飲料
train_data/cheerio40x80/cheerio_0004_40x80_43.jpg,炭酸飲料
train_data/cheerio40x80/cheerio_0004_40x80_44.jpg,炭酸飲料
train_data/cheerio40x80/cheerio_0004_40x80_45.jpg,炭酸飲料
train_data/cheerio40x80/cheerio_0004_40x80_46.jpg,炭酸飲料
train_data/cheerio40x80/cheerio_0004_40x80_47.jpg,炭酸飲料
train_data/cheerio40x80/cheerio_0004_40x80_48.jpg,炭酸飲料
train_data/cheerio40x80/cheerio_0004_40x80_49.jpg,炭酸飲料
train_data/cheerio40x80/cheerio_0004_40x80_50.jpg,炭酸飲料
train_data/cheerio40x80/cheerio_0004_40x80_51.jpg,炭酸飲料
train_data/cheerio40x80/cheerio_0004_40x80_52.jpg,炭酸飲料
train_data/cheerio40x80/cheerio_0004_40x80_53.jpg,炭酸飲料
train_data/cheerio40x80/cheerio_0004_40x80_54.jpg,炭酸飲料
train_data/cheerio40x80/cheerio_0004_40x80_55.jpg,炭酸飲料
train_data/cheerio40x80/cheerio_0004_40x80_56.jpg,炭酸飲料
train_data/cheerio40x80/cheerio_0004_40x80_57.jpg,炭酸飲料
train_data/cheerio40x80/cheerio_0004_40x80_58.jpg,炭酸飲料
train_data/cheerio40x80/cheerio_0004_40x80_59.jpg,炭酸飲料
train_data/cheerio40x80/cheerio_0004_40x80_60.jpg,炭酸飲料
train_data/cheerio40x80/cheerio_0004_40x80_61.jpg,炭酸飲料
train_data/cheerio40x80/cheerio_0004_40x80_62.jpg,炭酸飲料
train_data/cheerio40x80/cheerio_0004_40x80_63.jpg,炭酸飲料
train_data/cheerio40x80/cheerio_0004_40x80_64.jpg,炭酸飲料
train_data/cheerio40x80/cheerio_0004_40x80_65.jpg,炭酸飲料
train_data/cheerio40x80/cheerio_0004_40x80_66.jpg,炭酸飲料
train_data/cheerio40x80/cheerio_0004_40x80_67.jpg,炭酸飲料
train_data/cheerio40x80/cheerio_0004_40x80_68.jpg,炭酸飲料
train_data/cheerio40x80/cheerio_0004_40x80_69.jpg,炭酸飲料
train_data/cheerio40x80/cheerio_0004_40x80_70.jpg,炭酸飲料
train_data/cheerio40x80/cheerio_0004_40x80_71.jpg,炭酸飲料
train_data/cheerio40x80/cheerio_0004_40x80_72.jpg,炭酸飲料
train_data/cheerio40x80/cheerio_0004_40x80_73.jpg,炭酸飲料
train_data/cheerio40x80/cheerio_0004_40x80_74.jpg,炭酸飲料
train_data/cheerio40x80/cheerio_0004_40x80_75.jpg,炭酸飲料
train_data/cheerio40x80/cheerio_0004_40x80_76.jpg,炭酸飲料
train_data/cheerio40x80/cheerio_0004_40x80_77.jpg,炭酸飲料
train_data/cheerio40x80/cheerio_0004_40x80_78.jpg,炭酸飲料
train_data/cheerio40x80/cheerio_0004_40x80_79.jpg,炭酸飲料
train_data/cheerio40x80/cheerio_0004_40x80_80.jpg,炭酸飲料
train_data/cheerio40x80/cheerio_0004_40x80_81.jpg,炭酸飲料
train_data/cheerio40x80/cheerio_0004_40x80_82.jpg,炭酸飲料
train_data/cheerio40x80/cheerio_0004_40x80_83.jpg,炭酸飲料
train_data/cheerio40x80/cheerio_0004_40x80_84.jpg,炭酸飲料
train_data/cheerio40x80/cheerio_0004_40x80_85.jpg,炭酸飲料
train_data/cheerio40x80/cheerio_0004_40x80_86.jpg,炭酸飲料
train_data/cheerio40x80/cheerio_0004_40x80_87.jpg,炭酸飲料
train_data/cheerio40x80/cheerio_0005_40x80_0.jpg,炭酸飲料
train_data/cheerio40x80/cheerio_0005_40x80_1.jpg,炭酸飲料
train_data/cheerio40x80/cheerio_0005_40x80_2.jpg,炭酸飲料
train_data/cheerio40x80/cheerio_0005_40x80_3.jpg,炭酸飲料
train_data/cheerio40x80/cheerio_0005_40x80_4.jpg,炭酸飲料
train_data/cheerio40x80/cheerio_0005_40x80_5.jpg,炭酸飲料
train_data/cheerio40x80/cheerio_0005_40x80_6.jpg,炭酸飲料
train_data/cheerio40x80/cheerio_0005_40x80_7.jpg,炭酸飲料
train_data/cheerio40x80/cheerio_0005_40x80_8.jpg,炭酸飲料
train_data/cheerio40x80/cheerio_0005_40x80_9.jpg,炭酸飲料
train_data/cheerio40x80/cheerio_0005_40x80_10.jpg,炭酸飲料
train_data/cheerio40x80/cheerio_0005_40x80_11.jpg,炭酸飲料
train_data/cheerio40x80/cheerio_0005_40x80_12.jpg,炭酸飲料
train_data/cheerio40x80/cheerio_0005_40x80_13.jpg,炭酸飲料
train_data/cheerio40x80/cheerio_0005_40x80_14.jpg,炭酸飲料
train_data/cheerio40x80/cheerio_0005_40x80_15.jpg,炭酸飲料
train_data/cheerio40x80/cheerio_0005_40x80_16.jpg,炭酸飲料
train_data/cheerio40x80/cheerio_0005_40x80_17.jpg,炭酸飲料
train_data/cheerio40x80/cheerio_0005_40x80_18.jpg,炭酸飲料
train_data/cheerio40x80/cheerio_0005_40x80_19.jpg,炭酸飲料
train_data/cheerio40x80/cheerio_0005_40x80_20.jpg,炭酸飲料
train_data/cheerio40x80/cheerio_0005_40x80_21.jpg,炭酸飲料
train_data/cheerio40x80/cheerio_0005_40x80_22.jpg,炭酸飲料
train_data/cheerio40x80/cheerio_0005_40x80_23.jpg,炭酸飲料
train_data/cheerio40x80/cheerio_0005_40x80_24.jpg,炭酸飲料
train_data/cheerio40x80/cheerio_0005_40x80_25.jpg,炭酸飲料
train_data/cheerio40x80/cheerio_0005_40x80_26.jpg,炭酸飲料
train_data/cheerio40x80/cheerio_0005_40x80_27.jpg,炭酸飲料
train_data/cheerio40x80/cheerio_0005_40x80_28.jpg,炭酸飲料
train_data/cheerio40x80/cheerio_0005_40x80_29.jpg,炭酸飲料
train_data/cheerio40x80/cheerio_0005_40x80_30.jpg,炭酸飲料
train_data/cheerio40x80/cheerio_0005_40x80_31.jpg,炭酸飲料
train_data/cheerio40x80/cheerio_0005_40x80_32.jpg,炭酸飲料
train_data/cheerio40x80/cheerio_0005_40x80_33.jpg,炭酸飲料
train_data/cheerio40x80/cheerio_0005_40x80_34.jpg,炭酸飲料
train_data/cheerio40x80/cheerio_0005_40x80_35.jpg,炭酸飲料
train_data/cheerio40x80/cheerio_0005_40x80_36.jpg,炭酸飲料
train_data/cheerio40x80/cheerio_0005_40x80_37.jpg,炭酸飲料
train_data/cheerio40x80/cheerio_0005_40x80_38.jpg,炭酸飲料
train_data/cheerio40x80/cheerio_0005_40x80_39.jpg,炭酸飲料
train_data/cheerio40x80/cheerio_0005_40x80_40.jpg,炭酸飲料
train_data/cheerio40x80/cheerio_0005_40x80_41.jpg,炭酸飲料
train_data/cheerio40x80/cheerio_0005_40x80_42.jpg,炭酸飲料
train_data/cheerio40x80/cheerio_0005_40x80_43.jpg,炭酸飲料
train_data/cheerio40x80/cheerio_0005_40x80_44.jpg,炭酸飲料
train_data/cheerio40x80/cheerio_0005_40x80_45.jpg,炭酸飲料
train_data/cheerio40x80/cheerio_0005_40x80_46.jpg,炭酸飲料
train_data/cheerio40x80/cheerio_0005_40x80_47.jpg,炭酸飲料
train_data/cheerio40x80/cheerio_0005_40x80_48.jpg,炭酸飲料
train_data/cheerio40x80/cheerio_0005_40x80_49.jpg,炭酸飲料
train_data/cheerio40x80/cheerio_0005_40x80_50.jpg,炭酸飲料
train_data/cheerio40x80/cheerio_0005_40x80_51.jpg,炭酸飲料
train_data/cheerio40x80/cheerio_0005_40x80_52.jpg,炭酸飲料
train_data/cheerio40x80/cheerio_0005_40x80_53.jpg,炭酸飲料
train_data/cheerio40x80/cheerio_0005_40x80_54.jpg,炭酸飲料
train_data/cheerio40x80/cheerio_0005_40x80_55.jpg,炭酸飲料
train_data/cheerio40x80/cheerio_0005_40x80_56.jpg,炭酸飲料
train_data/cheerio40x80/cheerio_0005_40x80_57.jpg,炭酸飲料
train_data/cheerio40x80/cheerio_0005_40x80_58.jpg,炭酸飲料
train_data/cheerio40x80/cheerio_0005_40x80_59.jpg,炭酸飲料
train_data/cheerio40x80/cheerio_0005_40x80_60.jpg,炭酸飲料
train_data/cheerio40x80/cheerio_0005_40x80_61.jpg,炭酸飲料
train_data/cheerio40x80/cheerio_0005_40x80_62.jpg,炭酸飲料
train_data/cheerio40x80/cheerio_0005_40x80_63.jpg,炭酸飲料
train_data/cheerio40x80/cheerio_0005_40x80_64.jpg,炭酸飲料
train_data/cheerio40x80/cheerio_0005_40x80_65.jpg,炭酸飲料
train_data/cheerio40x80/cheerio_0005_40x80_66.jpg,炭酸飲料
train_data/cheerio40x80/cheerio_0005_40x80_67.jpg,炭酸飲料
train_data/cheerio40x80/cheerio_0005_40x80_68.jpg,炭酸飲料
train_data/cheerio40x80/cheerio_0005_40x80_69.jpg,炭酸飲料
train_data/cheerio40x80/cheerio_0005_40x80_70.jpg,炭酸飲料
train_data/cheerio40x80/cheerio_0005_40x80_71.jpg,炭酸飲料
train_data/cheerio40x80/cheerio_0005_40x80_72.jpg,炭酸飲料
train_data/cheerio40x80/cheerio_0005_40x80_73.jpg,炭酸飲料
train_data/cheerio40x80/cheerio_0005_40x80_74.jpg,炭酸飲料
train_data/cheerio40x80/cheerio_0005_40x80_75.jpg,炭酸飲料
train_data/cheerio40x80/cheerio_0005_40x80_76.jpg,炭酸飲料
train_data/cheerio40x80/cheerio_0005_40x80_77.jpg,炭酸飲料
train_data/cheerio40x80/cheerio_0005_40x80_78.jpg,炭酸飲料
train_data/cheerio40x80/cheerio_0005_40x80_79.jpg,炭酸飲料
train_data/cheerio40x80/cheerio_0005_40x80_80.jpg,炭酸飲料
train_data/cheerio40x80/cheerio_0005_40x80_81.jpg,炭酸飲料
train_data/cheerio40x80/cheerio_0005_40x80_82.jpg,炭酸飲料
train_data/cheerio40x80/cheerio_0005_40x80_83.jpg,炭酸飲料
train_data/cheerio40x80/cheerio_0005_40x80_84.jpg,炭酸飲料
train_data/cheerio40x80/cheerio_0005_40x80_85.jpg,炭酸飲料
train_data/cheerio40x80/cheerio_0005_40x80_86.jpg,炭酸飲料
train_data/cheerio40x80/cheerio_0005_40x80_87.jpg,炭酸飲料
train_data/cheerio40x80/cheerio_0006_40x80_0.jpg,炭酸飲料
train_data/cheerio40x80/cheerio_0006_40x80_1.jpg,炭酸飲料
train_data/cheerio40x80/cheerio_0006_40x80_2.jpg,炭酸飲料
train_data/cheerio40x80/cheerio_0006_40x80_3.jpg,炭酸飲料
train_data/cheerio40x80/cheerio_0006_40x80_4.jpg,炭酸飲料
train_data/cheerio40x80/cheerio_0006_40x80_5.jpg,炭酸飲料
train_data/cheerio40x80/cheerio_0006_40x80_6.jpg,炭酸飲料
train_data/cheerio40x80/cheerio_0006_40x80_7.jpg,炭酸飲料
train_data/cheerio40x80/cheerio_0006_40x80_8.jpg,炭酸飲料
train_data/cheerio40x80/cheerio_0006_40x80_9.jpg,炭酸飲料
train_data/cheerio40x80/cheerio_0006_40x80_10.jpg,炭酸飲料
train_data/cheerio40x80/cheerio_0006_40x80_11.jpg,炭酸飲料
train_data/cheerio40x80/cheerio_0006_40x80_12.jpg,炭酸飲料
train_data/cheerio40x80/cheerio_0006_40x80_13.jpg,炭酸飲料
train_data/cheerio40x80/cheerio_0006_40x80_14.jpg,炭酸飲料
train_data/cheerio40x80/cheerio_0006_40x80_15.jpg,炭酸飲料
train_data/cheerio40x80/cheerio_0006_40x80_16.jpg,炭酸飲料
train_data/cheerio40x80/cheerio_0006_40x80_17.jpg,炭酸飲料
train_data/cheerio40x80/cheerio_0006_40x80_18.jpg,炭酸飲料
train_data/cheerio40x80/cheerio_0006_40x80_19.jpg,炭酸飲料
train_data/cheerio40x80/cheerio_0006_40x80_20.jpg,炭酸飲料
train_data/cheerio40x80/cheerio_0006_40x80_21.jpg,炭酸飲料
train_data/cheerio40x80/cheerio_0006_40x80_22.jpg,炭酸飲料
train_data/cheerio40x80/cheerio_0006_40x80_23.jpg,炭酸飲料
train_data/cheerio40x80/cheerio_0006_40x80_24.jpg,炭酸飲料
train_data/cheerio40x80/cheerio_0006_40x80_25.jpg,炭酸飲料
train_data/cheerio40x80/cheerio_0006_40x80_26.jpg,炭酸飲料
train_data/cheerio40x80/cheerio_0006_40x80_27.jpg,炭酸飲料
train_data/cheerio40x80/cheerio_0006_40x80_28.jpg,炭酸飲料
train_data/cheerio40x80/cheerio_0006_40x80_29.jpg,炭酸飲料
train_data/cheerio40x80/cheerio_0006_40x80_30.jpg,炭酸飲料
train_data/cheerio40x80/cheerio_0006_40x80_31.jpg,炭酸飲料
train_data/cheerio40x80/cheerio_0006_40x80_32.jpg,炭酸飲料
train_data/cheerio40x80/cheerio_0006_40x80_33.jpg,炭酸飲料
train_data/cheerio40x80/cheerio_0006_40x80_34.jpg,炭酸飲料
train_data/cheerio40x80/cheerio_0006_40x80_35.jpg,炭酸飲料
train_data/cheerio40x80/cheerio_0006_40x80_36.jpg,炭酸飲料
train_data/cheerio40x80/cheerio_0006_40x80_37.jpg,炭酸飲料
train_data/cheerio40x80/cheerio_0006_40x80_38.jpg,炭酸飲料
train_data/cheerio40x80/cheerio_0006_40x80_39.jpg,炭酸飲料
train_data/cheerio40x80/cheerio_0006_40x80_40.jpg,炭酸飲料
train_data/cheerio40x80/cheerio_0006_40x80_41.jpg,炭酸飲料
train_data/cheerio40x80/cheerio_0006_40x80_42.jpg,炭酸飲料
train_data/cheerio40x80/cheerio_0006_40x80_43.jpg,炭酸飲料
train_data/cheerio40x80/cheerio_0006_40x80_44.jpg,炭酸飲料
train_data/cheerio40x80/cheerio_0006_40x80_45.jpg,炭酸飲料
train_data/cheerio40x80/cheerio_0006_40x80_46.jpg,炭酸飲料
train_data/cheerio40x80/cheerio_0006_40x80_47.jpg,炭酸飲料
train_data/cheerio40x80/cheerio_0006_40x80_48.jpg,炭酸飲料
train_data/cheerio40x80/cheerio_0006_40x80_49.jpg,炭酸飲料
train_data/cheerio40x80/cheerio_0006_40x80_50.jpg,炭酸飲料
train_data/cheerio40x80/cheerio_0006_40x80_51.jpg,炭酸飲料
train_data/cheerio40x80/cheerio_0006_40x80_52.jpg,炭酸飲料
train_data/cheerio40x80/cheerio_0006_40x80_53.jpg,炭酸飲料
train_data/cheerio40x80/cheerio_0006_40x80_54.jpg,炭酸飲料
train_data/cheerio40x80/cheerio_0006_40x80_55.jpg,炭酸飲料
train_data/cheerio40x80/cheerio_0006_40x80_56.jpg,炭酸飲料
train_data/cheerio40x80/cheerio_0006_40x80_57.jpg,炭酸飲料
train_data/cheerio40x80/cheerio_0006_40x80_58.jpg,炭酸飲料
train_data/cheerio40x80/cheerio_0006_40x80_59.jpg,炭酸飲料
train_data/cheerio40x80/cheerio_0006_40x80_60.jpg,炭酸飲料
train_data/cheerio40x80/cheerio_0006_40x80_61.jpg,炭酸飲料
train_data/cheerio40x80/cheerio_0006_40x80_62.jpg,炭酸飲料
train_data/cheerio40x80/cheerio_0006_40x80_63.jpg,炭酸飲料
train_data/cheerio40x80/cheerio_0006_40x80_64.jpg,炭酸飲料
train_data/cheerio40x80/cheerio_0006_40x80_65.jpg,炭酸飲料
train_data/cheerio40x80/cheerio_0006_40x80_66.jpg,炭酸飲料
train_data/cheerio40x80/cheerio_0006_40x80_67.jpg,炭酸飲料
train_data/cheerio40x80/cheerio_0006_40x80_68.jpg,炭酸飲料
train_data/cheerio40x80/cheerio_0006_40x80_69.jpg,炭酸飲料
train_data/cheerio40x80/cheerio_0006_40x80_70.jpg,炭酸飲料
train_data/cheerio40x80/cheerio_0006_40x80_71.jpg,炭酸飲料
train_data/cheerio40x80/cheerio_0006_40x80_72.jpg,炭酸飲料
train_data/cheerio40x80/cheerio_0006_40x80_73.jpg,炭酸飲料
train_data/cheerio40x80/cheerio_0006_40x80_74.jpg,炭酸飲料
train_data/cheerio40x80/cheerio_0006_40x80_75.jpg,炭酸飲料
train_data/cheerio40x80/cheerio_0006_40x80_76.jpg,炭酸飲料
train_data/cheerio40x80/cheerio_0006_40x80_77.jpg,炭酸飲料
train_data/cheerio40x80/cheerio_0006_40x80_78.jpg,炭酸飲料
train_data/cheerio40x80/cheerio_0006_40x80_79.jpg,炭酸飲料
train_data/cheerio40x80/cheerio_0006_40x80_80.jpg,炭酸飲料
train_data/cheerio40x80/cheerio_0006_40x80_81.jpg,炭酸飲料
train_data/cheerio40x80/cheerio_0006_40x80_82.jpg,炭酸飲料
train_data/cheerio40x80/cheerio_0006_40x80_83.jpg,炭酸飲料
train_data/cheerio40x80/cheerio_0006_40x80_84.jpg,炭酸飲料
train_data/cheerio40x80/cheerio_0006_40x80_85.jpg,炭酸飲料
train_data/cheerio40x80/cheerio_0006_40x80_86.jpg,炭酸飲料
train_data/cheerio40x80/cheerio_0006_40x80_87.jpg,炭酸飲料
train_data/cheerio40x80/cheerio_0007_40x80_0.jpg,炭酸飲料
train_data/cheerio40x80/cheerio_0007_40x80_1.jpg,炭酸飲料
train_data/cheerio40x80/cheerio_0007_40x80_2.jpg,炭酸飲料
train_data/cheerio40x80/cheerio_0007_40x80_3.jpg,炭酸飲料
train_data/cheerio40x80/cheerio_0007_40x80_4.jpg,炭酸飲料
train_data/cheerio40x80/cheerio_0007_40x80_5.jpg,炭酸飲料
train_data/cheerio40x80/cheerio_0007_40x80_6.jpg,炭酸飲料
train_data/cheerio40x80/cheerio_0007_40x80_7.jpg,炭酸飲料
train_data/cheerio40x80/cheerio_0007_40x80_8.jpg,炭酸飲料
train_data/cheerio40x80/cheerio_0007_40x80_9.jpg,炭酸飲料
train_data/cheerio40x80/cheerio_0007_40x80_10.jpg,炭酸飲料
train_data/cheerio40x80/cheerio_0007_40x80_11.jpg,炭酸飲料
train_data/cheerio40x80/cheerio_0007_40x80_12.jpg,炭酸飲料
train_data/cheerio40x80/cheerio_0007_40x80_13.jpg,炭酸飲料
train_data/cheerio40x80/cheerio_0007_40x80_14.jpg,炭酸飲料
train_data/cheerio40x80/cheerio_0007_40x80_15.jpg,炭酸飲料
train_data/cheerio40x80/cheerio_0007_40x80_16.jpg,炭酸飲料
train_data/cheerio40x80/cheerio_0007_40x80_17.jpg,炭酸飲料
train_data/cheerio40x80/cheerio_0007_40x80_18.jpg,炭酸飲料
train_data/cheerio40x80/cheerio_0007_40x80_19.jpg,炭酸飲料
train_data/cheerio40x80/cheerio_0007_40x80_20.jpg,炭酸飲料
train_data/cheerio40x80/cheerio_0007_40x80_21.jpg,炭酸飲料
train_data/cheerio40x80/cheerio_0007_40x80_22.jpg,炭酸飲料
train_data/cheerio40x80/cheerio_0007_40x80_23.jpg,炭酸飲料
train_data/cheerio40x80/cheerio_0007_40x80_24.jpg,炭酸飲料
train_data/cheerio40x80/cheerio_0007_40x80_25.jpg,炭酸飲料
train_data/cheerio40x80/cheerio_0007_40x80_26.jpg,炭酸飲料
train_data/cheerio40x80/cheerio_0007_40x80_27.jpg,炭酸飲料
train_data/cheerio40x80/cheerio_0007_40x80_28.jpg,炭酸飲料
train_data/cheerio40x80/cheerio_0007_40x80_29.jpg,炭酸飲料
train_data/cheerio40x80/cheerio_0007_40x80_30.jpg,炭酸飲料
train_data/cheerio40x80/cheerio_0007_40x80_31.jpg,炭酸飲料
train_data/cheerio40x80/cheerio_0007_40x80_32.jpg,炭酸飲料
train_data/cheerio40x80/cheerio_0007_40x80_33.jpg,炭酸飲料
train_data/cheerio40x80/cheerio_0007_40x80_34.jpg,炭酸飲料
train_data/cheerio40x80/cheerio_0007_40x80_35.jpg,炭酸飲料
train_data/cheerio40x80/cheerio_0007_40x80_36.jpg,炭酸飲料
train_data/cheerio40x80/cheerio_0007_40x80_37.jpg,炭酸飲料
train_data/cheerio40x80/cheerio_0007_40x80_38.jpg,炭酸飲料
train_data/cheerio40x80/cheerio_0007_40x80_39.jpg,炭酸飲料
train_data/cheerio40x80/cheerio_0007_40x80_40.jpg,炭酸飲料
train_data/cheerio40x80/cheerio_0007_40x80_41.jpg,炭酸飲料
train_data/cheerio40x80/cheerio_0007_40x80_42.jpg,炭酸飲料
train_data/cheerio40x80/cheerio_0007_40x80_43.jpg,炭酸飲料
train_data/cheerio40x80/cheerio_0007_40x80_44.jpg,炭酸飲料
train_data/cheerio40x80/cheerio_0007_40x80_45.jpg,炭酸飲料
train_data/cheerio40x80/cheerio_0007_40x80_46.jpg,炭酸飲料
train_data/cheerio40x80/cheerio_0007_40x80_47.jpg,炭酸飲料
train_data/cheerio40x80/cheerio_0007_40x80_48.jpg,炭酸飲料
train_data/cheerio40x80/cheerio_0007_40x80_49.jpg,炭酸飲料
train_data/cheerio40x80/cheerio_0007_40x80_50.jpg,炭酸飲料
train_data/cheerio40x80/cheerio_0007_40x80_51.jpg,炭酸飲料
train_data/cheerio40x80/cheerio_0007_40x80_52.jpg,炭酸飲料
train_data/cheerio40x80/cheerio_0007_40x80_53.jpg,炭酸飲料
train_data/cheerio40x80/cheerio_0007_40x80_54.jpg,炭酸飲料
train_data/cheerio40x80/cheerio_0007_40x80_55.jpg,炭酸飲料
train_data/cheerio40x80/cheerio_0007_40x80_56.jpg,炭酸飲料
train_data/cheerio40x80/cheerio_0007_40x80_57.jpg,炭酸飲料
train_data/cheerio40x80/cheerio_0007_40x80_58.jpg,炭酸飲料
train_data/cheerio40x80/cheerio_0007_40x80_59.jpg,炭酸飲料
train_data/cheerio40x80/cheerio_0007_40x80_60.jpg,炭酸飲料
train_data/cheerio40x80/cheerio_0007_40x80_61.jpg,炭酸飲料
train_data/cheerio40x80/cheerio_0007_40x80_62.jpg,炭酸飲料
train_data/cheerio40x80/cheerio_0007_40x80_63.jpg,炭酸飲料
train_data/cheerio40x80/cheerio_0007_40x80_64.jpg,炭酸飲料
train_data/cheerio40x80/cheerio_0007_40x80_65.jpg,炭酸飲料
train_data/cheerio40x80/cheerio_0007_40x80_66.jpg,炭酸飲料
train_data/cheerio40x80/cheerio_0007_40x80_67.jpg,炭酸飲料
train_data/cheerio40x80/cheerio_0007_40x80_68.jpg,炭酸飲料
train_data/cheerio40x80/cheerio_0007_40x80_69.jpg,炭酸飲料
train_data/cheerio40x80/cheerio_0007_40x80_70.jpg,炭酸飲料
train_data/cheerio40x80/cheerio_0007_40x80_71.jpg,炭酸飲料
train_data/cheerio40x80/cheerio_0007_40x80_72.jpg,炭酸飲料
train_data/cheerio40x80/cheerio_0007_40x80_73.jpg,炭酸飲料
train_data/cheerio40x80/cheerio_0007_40x80_74.jpg,炭酸飲料
train_data/cheerio40x80/cheerio_0007_40x80_75.jpg,炭酸飲料
train_data/cheerio40x80/cheerio_0007_40x80_76.jpg,炭酸飲料
train_data/cheerio40x80/cheerio_0007_40x80_77.jpg,炭酸飲料
train_data/cheerio40x80/cheerio_0007_40x80_78.jpg,炭酸飲料
train_data/cheerio40x80/cheerio_0007_40x80_79.jpg,炭酸飲料
train_data/cheerio40x80/cheerio_0007_40x80_80.jpg,炭酸飲料
train_data/cheerio40x80/cheerio_0007_40x80_81.jpg,炭酸飲料
train_data/cheerio40x80/cheerio_0007_40x80_82.jpg,炭酸飲料
train_data/cheerio40x80/cheerio_0007_40x80_83.jpg,炭酸飲料
train_data/cheerio40x80/cheerio_0007_40x80_84.jpg,炭酸飲料
train_data/cheerio40x80/cheerio_0007_40x80_85.jpg,炭酸飲料
train_data/cheerio40x80/cheerio_0007_40x80_86.jpg,炭酸飲料
train_data/cheerio40x80/cheerio_0007_40x80_87.jpg,炭酸飲料
train_data/cheerio40x80/cheerio_0008_40x80_0.jpg,炭酸飲料
train_data/cheerio40x80/cheerio_0008_40x80_1.jpg,炭酸飲料
train_data/cheerio40x80/cheerio_0008_40x80_2.jpg,炭酸飲料
train_data/cheerio40x80/cheerio_0008_40x80_3.jpg,炭酸飲料
train_data/cheerio40x80/cheerio_0008_40x80_4.jpg,炭酸飲料
train_data/cheerio40x80/cheerio_0008_40x80_5.jpg,炭酸飲料
train_data/cheerio40x80/cheerio_0008_40x80_6.jpg,炭酸飲料
train_data/cheerio40x80/cheerio_0008_40x80_7.jpg,炭酸飲料
train_data/cheerio40x80/cheerio_0008_40x80_8.jpg,炭酸飲料
train_data/cheerio40x80/cheerio_0008_40x80_9.jpg,炭酸飲料
train_data/cheerio40x80/cheerio_0008_40x80_10.jpg,炭酸飲料
train_data/cheerio40x80/cheerio_0008_40x80_11.jpg,炭酸飲料
train_data/cheerio40x80/cheerio_0008_40x80_12.jpg,炭酸飲料
train_data/cheerio40x80/cheerio_0008_40x80_13.jpg,炭酸飲料
train_data/cheerio40x80/cheerio_0008_40x80_14.jpg,炭酸飲料
train_data/cheerio40x80/cheerio_0008_40x80_15.jpg,炭酸飲料
train_data/cheerio40x80/cheerio_0008_40x80_16.jpg,炭酸飲料
train_data/cheerio40x80/cheerio_0008_40x80_17.jpg,炭酸飲料
train_data/cheerio40x80/cheerio_0008_40x80_18.jpg,炭酸飲料
train_data/cheerio40x80/cheerio_0008_40x80_19.jpg,炭酸飲料
train_data/cheerio40x80/cheerio_0008_40x80_20.jpg,炭酸飲料
train_data/cheerio40x80/cheerio_0008_40x80_21.jpg,炭酸飲料
train_data/cheerio40x80/cheerio_0008_40x80_22.jpg,炭酸飲料
train_data/cheerio40x80/cheerio_0008_40x80_23.jpg,炭酸飲料
train_data/cheerio40x80/cheerio_0008_40x80_24.jpg,炭酸飲料
train_data/cheerio40x80/cheerio_0008_40x80_25.jpg,炭酸飲料
train_data/cheerio40x80/cheerio_0008_40x80_26.jpg,炭酸飲料
train_data/cheerio40x80/cheerio_0008_40x80_27.jpg,炭酸飲料
train_data/cheerio40x80/cheerio_0008_40x80_28.jpg,炭酸飲料
train_data/cheerio40x80/cheerio_0008_40x80_29.jpg,炭酸飲料
train_data/cheerio40x80/cheerio_0008_40x80_30.jpg,炭酸飲料
train_data/cheerio40x80/cheerio_0008_40x80_31.jpg,炭酸飲料
train_data/cheerio40x80/cheerio_0008_40x80_32.jpg,炭酸飲料
train_data/cheerio40x80/cheerio_0008_40x80_33.jpg,炭酸飲料
train_data/cheerio40x80/cheerio_0008_40x80_34.jpg,炭酸飲料
train_data/cheerio40x80/cheerio_0008_40x80_35.jpg,炭酸飲料
train_data/cheerio40x80/cheerio_0008_40x80_36.jpg,炭酸飲料
train_data/cheerio40x80/cheerio_0008_40x80_37.jpg,炭酸飲料
train_data/cheerio40x80/cheerio_0008_40x80_38.jpg,炭酸飲料
train_data/cheerio40x80/cheerio_0008_40x80_39.jpg,炭酸飲料
train_data/cheerio40x80/cheerio_0008_40x80_40.jpg,炭酸飲料
train_data/cheerio40x80/cheerio_0008_40x80_41.jpg,炭酸飲料
train_data/cheerio40x80/cheerio_0008_40x80_42.jpg,炭酸飲料
train_data/cheerio40x80/cheerio_0008_40x80_43.jpg,炭酸飲料
train_data/cheerio40x80/cheerio_0008_40x80_44.jpg,炭酸飲料
train_data/cheerio40x80/cheerio_0008_40x80_45.jpg,炭酸飲料
train_data/cheerio40x80/cheerio_0008_40x80_46.jpg,炭酸飲料
train_data/cheerio40x80/cheerio_0008_40x80_47.jpg,炭酸飲料
train_data/cheerio40x80/cheerio_0008_40x80_48.jpg,炭酸飲料
train_data/cheerio40x80/cheerio_0008_40x80_49.jpg,炭酸飲料
train_data/cheerio40x80/cheerio_0008_40x80_50.jpg,炭酸飲料
train_data/cheerio40x80/cheerio_0008_40x80_51.jpg,炭酸飲料
train_data/cheerio40x80/cheerio_0008_40x80_52.jpg,炭酸飲料
train_data/cheerio40x80/cheerio_0008_40x80_53.jpg,炭酸飲料
train_data/cheerio40x80/cheerio_0008_40x80_54.jpg,炭酸飲料
train_data/cheerio40x80/cheerio_0008_40x80_55.jpg,炭酸飲料
train_data/cheerio40x80/cheerio_0008_40x80_56.jpg,炭酸飲料
train_data/cheerio40x80/cheerio_0008_40x80_57.jpg,炭酸飲料
train_data/cheerio40x80/cheerio_0008_40x80_58.jpg,炭酸飲料
train_data/cheerio40x80/cheerio_0008_40x80_59.jpg,炭酸飲料
train_data/cheerio40x80/cheerio_0008_40x80_60.jpg,炭酸飲料
train_data/cheerio40x80/cheerio_0008_40x80_61.jpg,炭酸飲料
train_data/cheerio40x80/cheerio_0008_40x80_62.jpg,炭酸飲料
train_data/cheerio40x80/cheerio_0008_40x80_63.jpg,炭酸飲料
train_data/cheerio40x80/cheerio_0008_40x80_64.jpg,炭酸飲料
train_data/cheerio40x80/cheerio_0008_40x80_65.jpg,炭酸飲料
train_data/cheerio40x80/cheerio_0008_40x80_66.jpg,炭酸飲料
train_data/cheerio40x80/cheerio_0008_40x80_67.jpg,炭酸飲料
train_data/cheerio40x80/cheerio_0008_40x80_68.jpg,炭酸飲料
train_data/cheerio40x80/cheerio_0008_40x80_69.jpg,炭酸飲料
train_data/cheerio40x80/cheerio_0008_40x80_70.jpg,炭酸飲料
train_data/cheerio40x80/cheerio_0008_40x80_71.jpg,炭酸飲料
train_data/cheerio40x80/cheerio_0008_40x80_72.jpg,炭酸飲料
train_data/cheerio40x80/cheerio_0008_40x80_73.jpg,炭酸飲料
train_data/cheerio40x80/cheerio_0008_40x80_74.jpg,炭酸飲料
train_data/cheerio40x80/cheerio_0008_40x80_75.jpg,炭酸飲料
train_data/cheerio40x80/cheerio_0008_40x80_76.jpg,炭酸飲料
train_data/cheerio40x80/cheerio_0008_40x80_77.jpg,炭酸飲料
train_data/cheerio40x80/cheerio_0008_40x80_78.jpg,炭酸飲料
train_data/cheerio40x80/cheerio_0008_40x80_79.jpg,炭酸飲料
train_data/cheerio40x80/cheerio_0008_40x80_80.jpg,炭酸飲料
train_data/cheerio40x80/cheerio_0008_40x80_81.jpg,炭酸飲料
train_data/cheerio40x80/cheerio_0008_40x80_82.jpg,炭酸飲料
train_data/cheerio40x80/cheerio_0008_40x80_83.jpg,炭酸飲料
train_data/cheerio40x80/cheerio_0008_40x80_84.jpg,炭酸飲料
train_data/cheerio40x80/cheerio_0008_40x80_85.jpg,炭酸飲料
train_data/cheerio40x80/cheerio_0008_40x80_86.jpg,炭酸飲料
train_data/cheerio40x80/cheerio_0008_40x80_87.jpg,炭酸飲料
train_data/cheerio40x80/cheerio_0009_40x80_0.jpg,炭酸飲料
train_data/cheerio40x80/cheerio_0009_40x80_1.jpg,炭酸飲料
train_data/cheerio40x80/cheerio_0009_40x80_2.jpg,炭酸飲料
train_data/cheerio40x80/cheerio_0009_40x80_3.jpg,炭酸飲料
train_data/cheerio40x80/cheerio_0009_40x80_4.jpg,炭酸飲料
train_data/cheerio40x80/cheerio_0009_40x80_5.jpg,炭酸飲料
train_data/cheerio40x80/cheerio_0009_40x80_6.jpg,炭酸飲料
train_data/cheerio40x80/cheerio_0009_40x80_7.jpg,炭酸飲料
train_data/cheerio40x80/cheerio_0009_40x80_8.jpg,炭酸飲料
train_data/cheerio40x80/cheerio_0009_40x80_9.jpg,炭酸飲料
train_data/cheerio40x80/cheerio_0009_40x80_10.jpg,炭酸飲料
train_data/cheerio40x80/cheerio_0009_40x80_11.jpg,炭酸飲料
train_data/cheerio40x80/cheerio_0009_40x80_12.jpg,炭酸飲料
train_data/cheerio40x80/cheerio_0009_40x80_13.jpg,炭酸飲料
train_data/cheerio40x80/cheerio_0009_40x80_14.jpg,炭酸飲料
train_data/cheerio40x80/cheerio_0009_40x80_15.jpg,炭酸飲料
train_data/cheerio40x80/cheerio_0009_40x80_16.jpg,炭酸飲料
train_data/cheerio40x80/cheerio_0009_40x80_17.jpg,炭酸飲料
train_data/cheerio40x80/cheerio_0009_40x80_18.jpg,炭酸飲料
train_data/cheerio40x80/cheerio_0009_40x80_19.jpg,炭酸飲料
train_data/cheerio40x80/cheerio_0009_40x80_20.jpg,炭酸飲料
train_data/cheerio40x80/cheerio_0009_40x80_21.jpg,炭酸飲料
train_data/cheerio40x80/cheerio_0009_40x80_22.jpg,炭酸飲料
train_data/cheerio40x80/cheerio_0009_40x80_23.jpg,炭酸飲料
train_data/cheerio40x80/cheerio_0009_40x80_24.jpg,炭酸飲料
train_data/cheerio40x80/cheerio_0009_40x80_25.jpg,炭酸飲料
train_data/cheerio40x80/cheerio_0009_40x80_26.jpg,炭酸飲料
train_data/cheerio40x80/cheerio_0009_40x80_27.jpg,炭酸飲料
train_data/cheerio40x80/cheerio_0009_40x80_28.jpg,炭酸飲料
train_data/cheerio40x80/cheerio_0009_40x80_29.jpg,炭酸飲料
train_data/cheerio40x80/cheerio_0009_40x80_30.jpg,炭酸飲料
train_data/cheerio40x80/cheerio_0009_40x80_31.jpg,炭酸飲料
train_data/cheerio40x80/cheerio_0009_40x80_32.jpg,炭酸飲料
train_data/cheerio40x80/cheerio_0009_40x80_33.jpg,炭酸飲料
train_data/cheerio40x80/cheerio_0009_40x80_34.jpg,炭酸飲料
train_data/cheerio40x80/cheerio_0009_40x80_35.jpg,炭酸飲料
train_data/cheerio40x80/cheerio_0009_40x80_36.jpg,炭酸飲料
train_data/cheerio40x80/cheerio_0009_40x80_37.jpg,炭酸飲料
train_data/cheerio40x80/cheerio_0009_40x80_38.jpg,炭酸飲料
train_data/cheerio40x80/cheerio_0009_40x80_39.jpg,炭酸飲料
train_data/cheerio40x80/cheerio_0009_40x80_40.jpg,炭酸飲料
train_data/cheerio40x80/cheerio_0009_40x80_41.jpg,炭酸飲料
train_data/cheerio40x80/cheerio_0009_40x80_42.jpg,炭酸飲料
train_data/cheerio40x80/cheerio_0009_40x80_43.jpg,炭酸飲料
train_data/cheerio40x80/cheerio_0009_40x80_44.jpg,炭酸飲料
train_data/cheerio40x80/cheerio_0009_40x80_45.jpg,炭酸飲料
train_data/cheerio40x80/cheerio_0009_40x80_46.jpg,炭酸飲料
train_data/cheerio40x80/cheerio_0009_40x80_47.jpg,炭酸飲料
train_data/cheerio40x80/cheerio_0009_40x80_48.jpg,炭酸飲料
train_data/cheerio40x80/cheerio_0009_40x80_49.jpg,炭酸飲料
train_data/cheerio40x80/cheerio_0009_40x80_50.jpg,炭酸飲料
train_data/cheerio40x80/cheerio_0009_40x80_51.jpg,炭酸飲料
train_data/cheerio40x80/cheerio_0009_40x80_52.jpg,炭酸飲料
train_data/cheerio40x80/cheerio_0009_40x80_53.jpg,炭酸飲料
train_data/cheerio40x80/cheerio_0009_40x80_54.jpg,炭酸飲料
train_data/cheerio40x80/cheerio_0009_40x80_55.jpg,炭酸飲料
train_data/cheerio40x80/cheerio_0009_40x80_56.jpg,炭酸飲料
train_data/cheerio40x80/cheerio_0009_40x80_57.jpg,炭酸飲料
train_data/cheerio40x80/cheerio_0009_40x80_58.jpg,炭酸飲料
train_data/cheerio40x80/cheerio_0009_40x80_59.jpg,炭酸飲料
train_data/cheerio40x80/cheerio_0009_40x80_60.jpg,炭酸飲料
train_data/cheerio40x80/cheerio_0009_40x80_61.jpg,炭酸飲料
train_data/cheerio40x80/cheerio_0009_40x80_62.jpg,炭酸飲料
train_data/cheerio40x80/cheerio_0009_40x80_63.jpg,炭酸飲料
train_data/cheerio40x80/cheerio_0009_40x80_64.jpg,炭酸飲料
train_data/cheerio40x80/cheerio_0009_40x80_65.jpg,炭酸飲料
train_data/cheerio40x80/cheerio_0009_40x80_66.jpg,炭酸飲料
train_data/cheerio40x80/cheerio_0009_40x80_67.jpg,炭酸飲料
train_data/cheerio40x80/cheerio_0009_40x80_68.jpg,炭酸飲料
train_data/cheerio40x80/cheerio_0009_40x80_69.jpg,炭酸飲料
train_data/cheerio40x80/cheerio_0009_40x80_70.jpg,炭酸飲料
train_data/cheerio40x80/cheerio_0009_40x80_71.jpg,炭酸飲料
train_data/cheerio40x80/cheerio_0009_40x80_72.jpg,炭酸飲料
train_data/cheerio40x80/cheerio_0009_40x80_73.jpg,炭酸飲料
train_data/cheerio40x80/cheerio_0009_40x80_74.jpg,炭酸飲料
train_data/cheerio40x80/cheerio_0009_40x80_75.jpg,炭酸飲料
train_data/cheerio40x80/cheerio_0009_40x80_76.jpg,炭酸飲料
train_data/cheerio40x80/cheerio_0009_40x80_77.jpg,炭酸飲料
train_data/cheerio40x80/cheerio_0009_40x80_78.jpg,炭酸飲料
train_data/cheerio40x80/cheerio_0009_40x80_79.jpg,炭酸飲料
train_data/cheerio40x80/cheerio_0009_40x80_80.jpg,炭酸飲料
train_data/cheerio40x80/cheerio_0009_40x80_81.jpg,炭酸飲料
train_data/cheerio40x80/cheerio_0009_40x80_82.jpg,炭酸飲料
train_data/cheerio40x80/cheerio_0009_40x80_83.jpg,炭酸飲料
train_data/cheerio40x80/cheerio_0009_40x80_84.jpg,炭酸飲料
train_data/cheerio40x80/cheerio_0009_40x80_85.jpg,炭酸飲料
train_data/cheerio40x80/cheerio_0009_40x80_86.jpg,炭酸飲料
train_data/cheerio40x80/cheerio_0009_40x80_87.jpg,炭酸飲料
train_data/cheerio40x80/cheerio_0010_40x80_0.jpg,炭酸飲料
train_data/cheerio40x80/cheerio_0010_40x80_1.jpg,炭酸飲料
train_data/cheerio40x80/cheerio_0010_40x80_2.jpg,炭酸飲料
train_data/cheerio40x80/cheerio_0010_40x80_3.jpg,炭酸飲料
train_data/cheerio40x80/cheerio_0010_40x80_4.jpg,炭酸飲料
train_data/cheerio40x80/cheerio_0010_40x80_5.jpg,炭酸飲料
train_data/cheerio40x80/cheerio_0010_40x80_6.jpg,炭酸飲料
train_data/cheerio40x80/cheerio_0010_40x80_7.jpg,炭酸飲料
train_data/cheerio40x80/cheerio_0010_40x80_8.jpg,炭酸飲料
train_data/cheerio40x80/cheerio_0010_40x80_9.jpg,炭酸飲料
train_data/cheerio40x80/cheerio_0010_40x80_10.jpg,炭酸飲料
train_data/cheerio40x80/cheerio_0010_40x80_11.jpg,炭酸飲料
train_data/cheerio40x80/cheerio_0010_40x80_12.jpg,炭酸飲料
train_data/cheerio40x80/cheerio_0010_40x80_13.jpg,炭酸飲料
train_data/cheerio40x80/cheerio_0010_40x80_14.jpg,炭酸飲料
train_data/cheerio40x80/cheerio_0010_40x80_15.jpg,炭酸飲料
train_data/cheerio40x80/cheerio_0010_40x80_16.jpg,炭酸飲料
train_data/cheerio40x80/cheerio_0010_40x80_17.jpg,炭酸飲料
train_data/cheerio40x80/cheerio_0010_40x80_18.jpg,炭酸飲料
train_data/cheerio40x80/cheerio_0010_40x80_19.jpg,炭酸飲料
train_data/cheerio40x80/cheerio_0010_40x80_20.jpg,炭酸飲料
train_data/cheerio40x80/cheerio_0010_40x80_21.jpg,炭酸飲料
train_data/cheerio40x80/cheerio_0010_40x80_22.jpg,炭酸飲料
train_data/cheerio40x80/cheerio_0010_40x80_23.jpg,炭酸飲料
train_data/cheerio40x80/cheerio_0010_40x80_24.jpg,炭酸飲料
train_data/cheerio40x80/cheerio_0010_40x80_25.jpg,炭酸飲料
train_data/cheerio40x80/cheerio_0010_40x80_26.jpg,炭酸飲料
train_data/cheerio40x80/cheerio_0010_40x80_27.jpg,炭酸飲料
train_data/cheerio40x80/cheerio_0010_40x80_28.jpg,炭酸飲料
train_data/cheerio40x80/cheerio_0010_40x80_29.jpg,炭酸飲料
train_data/cheerio40x80/cheerio_0010_40x80_30.jpg,炭酸飲料
train_data/cheerio40x80/cheerio_0010_40x80_31.jpg,炭酸飲料
train_data/cheerio40x80/cheerio_0010_40x80_32.jpg,炭酸飲料
train_data/cheerio40x80/cheerio_0010_40x80_33.jpg,炭酸飲料
train_data/cheerio40x80/cheerio_0010_40x80_34.jpg,炭酸飲料
train_data/cheerio40x80/cheerio_0010_40x80_35.jpg,炭酸飲料
train_data/cheerio40x80/cheerio_0010_40x80_36.jpg,炭酸飲料
train_data/cheerio40x80/cheerio_0010_40x80_37.jpg,炭酸飲料
train_data/cheerio40x80/cheerio_0010_40x80_38.jpg,炭酸飲料
train_data/cheerio40x80/cheerio_0010_40x80_39.jpg,炭酸飲料
train_data/cheerio40x80/cheerio_0010_40x80_40.jpg,炭酸飲料
train_data/cheerio40x80/cheerio_0010_40x80_41.jpg,炭酸飲料
train_data/cheerio40x80/cheerio_0010_40x80_42.jpg,炭酸飲料
train_data/cheerio40x80/cheerio_0010_40x80_43.jpg,炭酸飲料
train_data/cheerio40x80/cheerio_0010_40x80_44.jpg,炭酸飲料
train_data/cheerio40x80/cheerio_0010_40x80_45.jpg,炭酸飲料
train_data/cheerio40x80/cheerio_0010_40x80_46.jpg,炭酸飲料
train_data/cheerio40x80/cheerio_0010_40x80_47.jpg,炭酸飲料
train_data/cheerio40x80/cheerio_0010_40x80_48.jpg,炭酸飲料
train_data/cheerio40x80/cheerio_0010_40x80_49.jpg,炭酸飲料
train_data/cheerio40x80/cheerio_0010_40x80_50.jpg,炭酸飲料
train_data/cheerio40x80/cheerio_0010_40x80_51.jpg,炭酸飲料
train_data/cheerio40x80/cheerio_0010_40x80_52.jpg,炭酸飲料
train_data/cheerio40x80/cheerio_0010_40x80_53.jpg,炭酸飲料
train_data/cheerio40x80/cheerio_0010_40x80_54.jpg,炭酸飲料
train_data/cheerio40x80/cheerio_0010_40x80_55.jpg,炭酸飲料
train_data/cheerio40x80/cheerio_0010_40x80_56.jpg,炭酸飲料
train_data/cheerio40x80/cheerio_0010_40x80_57.jpg,炭酸飲料
train_data/cheerio40x80/cheerio_0010_40x80_58.jpg,炭酸飲料
train_data/cheerio40x80/cheerio_0010_40x80_59.jpg,炭酸飲料
train_data/cheerio40x80/cheerio_0010_40x80_60.jpg,炭酸飲料
train_data/cheerio40x80/cheerio_0010_40x80_61.jpg,炭酸飲料
train_data/cheerio40x80/cheerio_0010_40x80_62.jpg,炭酸飲料
train_data/cheerio40x80/cheerio_0010_40x80_63.jpg,炭酸飲料
train_data/cheerio40x80/cheerio_0010_40x80_64.jpg,炭酸飲料
train_data/cheerio40x80/cheerio_0010_40x80_65.jpg,炭酸飲料
train_data/cheerio40x80/cheerio_0010_40x80_66.jpg,炭酸飲料
train_data/cheerio40x80/cheerio_0010_40x80_67.jpg,炭酸飲料
train_data/cheerio40x80/cheerio_0010_40x80_68.jpg,炭酸飲料
train_data/cheerio40x80/cheerio_0010_40x80_69.jpg,炭酸飲料
train_data/cheerio40x80/cheerio_0010_40x80_70.jpg,炭酸飲料
train_data/cheerio40x80/cheerio_0010_40x80_71.jpg,炭酸飲料
train_data/cheerio40x80/cheerio_0010_40x80_72.jpg,炭酸飲料
train_data/cheerio40x80/cheerio_0010_40x80_73.jpg,炭酸飲料
train_data/cheerio40x80/cheerio_0010_40x80_74.jpg,炭酸飲料
train_data/cheerio40x80/cheerio_0010_40x80_75.jpg,炭酸飲料
train_data/cheerio40x80/cheerio_0010_40x80_76.jpg,炭酸飲料
train_data/cheerio40x80/cheerio_0010_40x80_77.jpg,炭酸飲料
train_data/cheerio40x80/cheerio_0010_40x80_78.jpg,炭酸飲料
train_data/cheerio40x80/cheerio_0010_40x80_79.jpg,炭酸飲料
train_data/cheerio40x80/cheerio_0010_40x80_80.jpg,炭酸飲料
train_data/cheerio40x80/cheerio_0010_40x80_81.jpg,炭酸飲料
train_data/cheerio40x80/cheerio_0010_40x80_82.jpg,炭酸飲料
train_data/cheerio40x80/cheerio_0010_40x80_83.jpg,炭酸飲料
train_data/cheerio40x80/cheerio_0010_40x80_84.jpg,炭酸飲料
train_data/cheerio40x80/cheerio_0010_40x80_85.jpg,炭酸飲料
train_data/cheerio40x80/cheerio_0010_40x80_86.jpg,炭酸飲料
train_data/cheerio40x80/cheerio_0010_40x80_87.jpg,炭酸飲料
train_data/cheerio40x80/cheerio_0011_40x80_0.jpg,炭酸飲料
train_data/cheerio40x80/cheerio_0011_40x80_1.jpg,炭酸飲料
train_data/cheerio40x80/cheerio_0011_40x80_2.jpg,炭酸飲料
train_data/cheerio40x80/cheerio_0011_40x80_3.jpg,炭酸飲料
train_data/cheerio40x80/cheerio_0011_40x80_4.jpg,炭酸飲料
train_data/cheerio40x80/cheerio_0011_40x80_5.jpg,炭酸飲料
train_data/cheerio40x80/cheerio_0011_40x80_6.jpg,炭酸飲料
train_data/cheerio40x80/cheerio_0011_40x80_7.jpg,炭酸飲料
train_data/cheerio40x80/cheerio_0011_40x80_8.jpg,炭酸飲料
train_data/cheerio40x80/cheerio_0011_40x80_9.jpg,炭酸飲料
train_data/cheerio40x80/cheerio_0011_40x80_10.jpg,炭酸飲料
train_data/cheerio40x80/cheerio_0011_40x80_11.jpg,炭酸飲料
train_data/cheerio40x80/cheerio_0011_40x80_12.jpg,炭酸飲料
train_data/cheerio40x80/cheerio_0011_40x80_13.jpg,炭酸飲料
train_data/cheerio40x80/cheerio_0011_40x80_14.jpg,炭酸飲料
train_data/cheerio40x80/cheerio_0011_40x80_15.jpg,炭酸飲料
train_data/cheerio40x80/cheerio_0011_40x80_16.jpg,炭酸飲料
train_data/cheerio40x80/cheerio_0011_40x80_17.jpg,炭酸飲料
train_data/cheerio40x80/cheerio_0011_40x80_18.jpg,炭酸飲料
train_data/cheerio40x80/cheerio_0011_40x80_19.jpg,炭酸飲料
train_data/cheerio40x80/cheerio_0011_40x80_20.jpg,炭酸飲料
train_data/cheerio40x80/cheerio_0011_40x80_21.jpg,炭酸飲料
train_data/cheerio40x80/cheerio_0011_40x80_22.jpg,炭酸飲料
train_data/cheerio40x80/cheerio_0011_40x80_23.jpg,炭酸飲料
train_data/cheerio40x80/cheerio_0011_40x80_24.jpg,炭酸飲料
train_data/cheerio40x80/cheerio_0011_40x80_25.jpg,炭酸飲料
train_data/cheerio40x80/cheerio_0011_40x80_26.jpg,炭酸飲料
train_data/cheerio40x80/cheerio_0011_40x80_27.jpg,炭酸飲料
train_data/cheerio40x80/cheerio_0011_40x80_28.jpg,炭酸飲料
train_data/cheerio40x80/cheerio_0011_40x80_29.jpg,炭酸飲料
train_data/cheerio40x80/cheerio_0011_40x80_30.jpg,炭酸飲料
train_data/cheerio40x80/cheerio_0011_40x80_31.jpg,炭酸飲料
train_data/cheerio40x80/cheerio_0011_40x80_32.jpg,炭酸飲料
train_data/cheerio40x80/cheerio_0011_40x80_33.jpg,炭酸飲料
train_data/cheerio40x80/cheerio_0011_40x80_34.jpg,炭酸飲料
train_data/cheerio40x80/cheerio_0011_40x80_35.jpg,炭酸飲料
train_data/cheerio40x80/cheerio_0011_40x80_36.jpg,炭酸飲料
train_data/cheerio40x80/cheerio_0011_40x80_37.jpg,炭酸飲料
train_data/cheerio40x80/cheerio_0011_40x80_38.jpg,炭酸飲料
train_data/cheerio40x80/cheerio_0011_40x80_39.jpg,炭酸飲料
train_data/cheerio40x80/cheerio_0011_40x80_40.jpg,炭酸飲料
train_data/cheerio40x80/cheerio_0011_40x80_41.jpg,炭酸飲料
train_data/cheerio40x80/cheerio_0011_40x80_42.jpg,炭酸飲料
train_data/cheerio40x80/cheerio_0011_40x80_43.jpg,炭酸飲料
train_data/cheerio40x80/cheerio_0011_40x80_44.jpg,炭酸飲料
train_data/cheerio40x80/cheerio_0011_40x80_45.jpg,炭酸飲料
train_data/cheerio40x80/cheerio_0011_40x80_46.jpg,炭酸飲料
train_data/cheerio40x80/cheerio_0011_40x80_47.jpg,炭酸飲料
train_data/cheerio40x80/cheerio_0011_40x80_48.jpg,炭酸飲料
train_data/cheerio40x80/cheerio_0011_40x80_49.jpg,炭酸飲料
train_data/cheerio40x80/cheerio_0011_40x80_50.jpg,炭酸飲料
train_data/cheerio40x80/cheerio_0011_40x80_51.jpg,炭酸飲料
train_data/cheerio40x80/cheerio_0011_40x80_52.jpg,炭酸飲料
train_data/cheerio40x80/cheerio_0011_40x80_53.jpg,炭酸飲料
train_data/cheerio40x80/cheerio_0011_40x80_54.jpg,炭酸飲料
train_data/cheerio40x80/cheerio_0011_40x80_55.jpg,炭酸飲料
train_data/cheerio40x80/cheerio_0011_40x80_56.jpg,炭酸飲料
train_data/cheerio40x80/cheerio_0011_40x80_57.jpg,炭酸飲料
train_data/cheerio40x80/cheerio_0011_40x80_58.jpg,炭酸飲料
train_data/cheerio40x80/cheerio_0011_40x80_59.jpg,炭酸飲料
train_data/cheerio40x80/cheerio_0011_40x80_60.jpg,炭酸飲料
train_data/cheerio40x80/cheerio_0011_40x80_61.jpg,炭酸飲料
train_data/cheerio40x80/cheerio_0011_40x80_62.jpg,炭酸飲料
train_data/cheerio40x80/cheerio_0011_40x80_63.jpg,炭酸飲料
train_data/cheerio40x80/cheerio_0011_40x80_64.jpg,炭酸飲料
train_data/cheerio40x80/cheerio_0011_40x80_65.jpg,炭酸飲料
train_data/cheerio40x80/cheerio_0011_40x80_66.jpg,炭酸飲料
train_data/cheerio40x80/cheerio_0011_40x80_67.jpg,炭酸飲料
train_data/cheerio40x80/cheerio_0011_40x80_68.jpg,炭酸飲料
train_data/cheerio40x80/cheerio_0011_40x80_69.jpg,炭酸飲料
train_data/cheerio40x80/cheerio_0011_40x80_70.jpg,炭酸飲料
train_data/cheerio40x80/cheerio_0011_40x80_71.jpg,炭酸飲料
train_data/cheerio40x80/cheerio_0011_40x80_72.jpg,炭酸飲料
train_data/cheerio40x80/cheerio_0011_40x80_73.jpg,炭酸飲料
train_data/cheerio40x80/cheerio_0011_40x80_74.jpg,炭酸飲料
train_data/cheerio40x80/cheerio_0011_40x80_75.jpg,炭酸飲料
train_data/cheerio40x80/cheerio_0011_40x80_76.jpg,炭酸飲料
train_data/cheerio40x80/cheerio_0011_40x80_77.jpg,炭酸飲料
train_data/cheerio40x80/cheerio_0011_40x80_78.jpg,炭酸飲料
train_data/cheerio40x80/cheerio_0011_40x80_79.jpg,炭酸飲料
train_data/cheerio40x80/cheerio_0011_40x80_80.jpg,炭酸飲料
train_data/cheerio40x80/cheerio_0011_40x80_81.jpg,炭酸飲料
train_data/cheerio40x80/cheerio_0011_40x80_82.jpg,炭酸飲料
train_data/cheerio40x80/cheerio_0011_40x80_83.jpg,炭酸飲料
train_data/cheerio40x80/cheerio_0011_40x80_84.jpg,炭酸飲料
train_data/cheerio40x80/cheerio_0011_40x80_85.jpg,炭酸飲料
train_data/cheerio40x80/cheerio_0011_40x80_86.jpg,炭酸飲料
train_data/cheerio40x80/cheerio_0011_40x80_87.jpg,炭酸飲料
train_data/cheerio40x80/cheerio_0012_40x80_0.jpg,ミネラルウォーター
train_data/cheerio40x80/cheerio_0012_40x80_1.jpg,ミネラルウォーター
train_data/cheerio40x80/cheerio_0012_40x80_2.jpg,ミネラルウォーター
train_data/cheerio40x80/cheerio_0012_40x80_3.jpg,ミネラルウォーター
train_data/cheerio40x80/cheerio_0012_40x80_4.jpg,ミネラルウォーター
train_data/cheerio40x80/cheerio_0012_40x80_5.jpg,ミネラルウォーター
train_data/cheerio40x80/cheerio_0012_40x80_6.jpg,ミネラルウォーター
train_data/cheerio40x80/cheerio_0012_40x80_7.jpg,ミネラルウォーター
train_data/cheerio40x80/cheerio_0012_40x80_8.jpg,ミネラルウォーター
train_data/cheerio40x80/cheerio_0012_40x80_9.jpg,ミネラルウォーター
train_data/cheerio40x80/cheerio_0012_40x80_10.jpg,ミネラルウォーター
train_data/cheerio40x80/cheerio_0012_40x80_11.jpg,ミネラルウォーター
train_data/cheerio40x80/cheerio_0012_40x80_12.jpg,ミネラルウォーター
train_data/cheerio40x80/cheerio_0012_40x80_13.jpg,ミネラルウォーター
train_data/cheerio40x80/cheerio_0012_40x80_14.jpg,ミネラルウォーター
train_data/cheerio40x80/cheerio_0012_40x80_15.jpg,ミネラルウォーター
train_data/cheerio40x80/cheerio_0012_40x80_16.jpg,ミネラルウォーター
train_data/cheerio40x80/cheerio_0012_40x80_17.jpg,ミネラルウォーター
train_data/cheerio40x80/cheerio_0012_40x80_18.jpg,ミネラルウォーター
train_data/cheerio40x80/cheerio_0012_40x80_19.jpg,ミネラルウォーター
train_data/cheerio40x80/cheerio_0012_40x80_20.jpg,ミネラルウォーター
train_data/cheerio40x80/cheerio_0012_40x80_21.jpg,ミネラルウォーター
train_data/cheerio40x80/cheerio_0012_40x80_22.jpg,ミネラルウォーター
train_data/cheerio40x80/cheerio_0012_40x80_23.jpg,ミネラルウォーター
train_data/cheerio40x80/cheerio_0012_40x80_24.jpg,ミネラルウォーター
train_data/cheerio40x80/cheerio_0012_40x80_25.jpg,ミネラルウォーター
train_data/cheerio40x80/cheerio_0012_40x80_26.jpg,ミネラルウォーター
train_data/cheerio40x80/cheerio_0012_40x80_27.jpg,ミネラルウォーター
train_data/cheerio40x80/cheerio_0012_40x80_28.jpg,ミネラルウォーター
train_data/cheerio40x80/cheerio_0012_40x80_29.jpg,ミネラルウォーター
train_data/cheerio40x80/cheerio_0012_40x80_30.jpg,ミネラルウォーター
train_data/cheerio40x80/cheerio_0012_40x80_31.jpg,ミネラルウォーター
train_data/cheerio40x80/cheerio_0012_40x80_32.jpg,ミネラルウォーター
train_data/cheerio40x80/cheerio_0012_40x80_33.jpg,ミネラルウォーター
train_data/cheerio40x80/cheerio_0012_40x80_34.jpg,ミネラルウォーター
train_data/cheerio40x80/cheerio_0012_40x80_35.jpg,ミネラルウォーター
train_data/cheerio40x80/cheerio_0012_40x80_36.jpg,ミネラルウォーター
train_data/cheerio40x80/cheerio_0012_40x80_37.jpg,ミネラルウォーター
train_data/cheerio40x80/cheerio_0012_40x80_38.jpg,ミネラルウォーター
train_data/cheerio40x80/cheerio_0012_40x80_39.jpg,ミネラルウォーター
train_data/cheerio40x80/cheerio_0012_40x80_40.jpg,ミネラルウォーター
train_data/cheerio40x80/cheerio_0012_40x80_41.jpg,ミネラルウォーター
train_data/cheerio40x80/cheerio_0012_40x80_42.jpg,ミネラルウォーター
train_data/cheerio40x80/cheerio_0012_40x80_43.jpg,ミネラルウォーター
train_data/cheerio40x80/cheerio_0012_40x80_44.jpg,ミネラルウォーター
train_data/cheerio40x80/cheerio_0012_40x80_45.jpg,ミネラルウォーター
train_data/cheerio40x80/cheerio_0012_40x80_46.jpg,ミネラルウォーター
train_data/cheerio40x80/cheerio_0012_40x80_47.jpg,ミネラルウォーター
train_data/cheerio40x80/cheerio_0012_40x80_48.jpg,ミネラルウォーター
train_data/cheerio40x80/cheerio_0012_40x80_49.jpg,ミネラルウォーター
train_data/cheerio40x80/cheerio_0012_40x80_50.jpg,ミネラルウォーター
train_data/cheerio40x80/cheerio_0012_40x80_51.jpg,ミネラルウォーター
train_data/cheerio40x80/cheerio_0012_40x80_52.jpg,ミネラルウォーター
train_data/cheerio40x80/cheerio_0012_40x80_53.jpg,ミネラルウォーター
train_data/cheerio40x80/cheerio_0012_40x80_54.jpg,ミネラルウォーター
train_data/cheerio40x80/cheerio_0012_40x80_55.jpg,ミネラルウォーター
train_data/cheerio40x80/cheerio_0012_40x80_56.jpg,ミネラルウォーター
train_data/cheerio40x80/cheerio_0012_40x80_57.jpg,ミネラルウォーター
train_data/cheerio40x80/cheerio_0012_40x80_58.jpg,ミネラルウォーター
train_data/cheerio40x80/cheerio_0012_40x80_59.jpg,ミネラルウォーター
train_data/cheerio40x80/cheerio_0012_40x80_60.jpg,ミネラルウォーター
train_data/cheerio40x80/cheerio_0012_40x80_61.jpg,ミネラルウォーター
train_data/cheerio40x80/cheerio_0012_40x80_62.jpg,ミネラルウォーター
train_data/cheerio40x80/cheerio_0012_40x80_63.jpg,ミネラルウォーター
train_data/cheerio40x80/cheerio_0012_40x80_64.jpg,ミネラルウォーター
train_data/cheerio40x80/cheerio_0012_40x80_65.jpg,ミネラルウォーター
train_data/cheerio40x80/cheerio_0012_40x80_66.jpg,ミネラルウォーター
train_data/cheerio40x80/cheerio_0012_40x80_67.jpg,ミネラルウォーター
train_data/cheerio40x80/cheerio_0012_40x80_68.jpg,ミネラルウォーター
train_data/cheerio40x80/cheerio_0012_40x80_69.jpg,ミネラルウォーター
train_data/cheerio40x80/cheerio_0012_40x80_70.jpg,ミネラルウォーター
train_data/cheerio40x80/cheerio_0012_40x80_71.jpg,ミネラルウォーター
train_data/cheerio40x80/cheerio_0012_40x80_72.jpg,ミネラルウォーター
train_data/cheerio40x80/cheerio_0012_40x80_73.jpg,ミネラルウォーター
train_data/cheerio40x80/cheerio_0012_40x80_74.jpg,ミネラルウォーター
train_data/cheerio40x80/cheerio_0012_40x80_75.jpg,ミネラルウォーター
train_data/cheerio40x80/cheerio_0012_40x80_76.jpg,ミネラルウォーター
train_data/cheerio40x80/cheerio_0012_40x80_77.jpg,ミネラルウォーター
train_data/cheerio40x80/cheerio_0012_40x80_78.jpg,ミネラルウォーター
train_data/cheerio40x80/cheerio_0012_40x80_79.jpg,ミネラルウォーター
train_data/cheerio40x80/cheerio_0012_40x80_80.jpg,ミネラルウォーター
train_data/cheerio40x80/cheerio_0012_40x80_81.jpg,ミネラルウォーター
train_data/cheerio40x80/cheerio_0012_40x80_82.jpg,ミネラルウォーター
train_data/cheerio40x80/cheerio_0012_40x80_83.jpg,ミネラルウォーター
train_data/cheerio40x80/cheerio_0012_40x80_84.jpg,ミネラルウォーター
train_data/cheerio40x80/cheerio_0012_40x80_85.jpg,ミネラルウォーター
train_data/cheerio40x80/cheerio_0012_40x80_86.jpg,ミネラルウォーター
train_data/cheerio40x80/cheerio_0012_40x80_87.jpg,ミネラルウォーター
train_data/cheerio40x80/cheerio_0013_40x80_0.jpg,果汁飲料
train_data/cheerio40x80/cheerio_0013_40x80_1.jpg,果汁飲料
train_data/cheerio40x80/cheerio_0013_40x80_2.jpg,果汁飲料
train_data/cheerio40x80/cheerio_0013_40x80_3.jpg,果汁飲料
train_data/cheerio40x80/cheerio_0013_40x80_4.jpg,果汁飲料
train_data/cheerio40x80/cheerio_0013_40x80_5.jpg,果汁飲料
train_data/cheerio40x80/cheerio_0013_40x80_6.jpg,果汁飲料
train_data/cheerio40x80/cheerio_0013_40x80_7.jpg,果汁飲料
train_data/cheerio40x80/cheerio_0013_40x80_8.jpg,果汁飲料
train_data/cheerio40x80/cheerio_0013_40x80_9.jpg,果汁飲料
train_data/cheerio40x80/cheerio_0013_40x80_10.jpg,果汁飲料
train_data/cheerio40x80/cheerio_0013_40x80_11.jpg,果汁飲料
train_data/cheerio40x80/cheerio_0013_40x80_12.jpg,果汁飲料
train_data/cheerio40x80/cheerio_0013_40x80_13.jpg,果汁飲料
train_data/cheerio40x80/cheerio_0013_40x80_14.jpg,果汁飲料
train_data/cheerio40x80/cheerio_0013_40x80_15.jpg,果汁飲料
train_data/cheerio40x80/cheerio_0013_40x80_16.jpg,果汁飲料
train_data/cheerio40x80/cheerio_0013_40x80_17.jpg,果汁飲料
train_data/cheerio40x80/cheerio_0013_40x80_18.jpg,果汁飲料
train_data/cheerio40x80/cheerio_0013_40x80_19.jpg,果汁飲料
train_data/cheerio40x80/cheerio_0013_40x80_20.jpg,果汁飲料
train_data/cheerio40x80/cheerio_0013_40x80_21.jpg,果汁飲料
train_data/cheerio40x80/cheerio_0013_40x80_22.jpg,果汁飲料
train_data/cheerio40x80/cheerio_0013_40x80_23.jpg,果汁飲料
train_data/cheerio40x80/cheerio_0013_40x80_24.jpg,果汁飲料
train_data/cheerio40x80/cheerio_0013_40x80_25.jpg,果汁飲料
train_data/cheerio40x80/cheerio_0013_40x80_26.jpg,果汁飲料
train_data/cheerio40x80/cheerio_0013_40x80_27.jpg,果汁飲料
train_data/cheerio40x80/cheerio_0013_40x80_28.jpg,果汁飲料
train_data/cheerio40x80/cheerio_0013_40x80_29.jpg,果汁飲料
train_data/cheerio40x80/cheerio_0013_40x80_30.jpg,果汁飲料
train_data/cheerio40x80/cheerio_0013_40x80_31.jpg,果汁飲料
train_data/cheerio40x80/cheerio_0013_40x80_32.jpg,果汁飲料
train_data/cheerio40x80/cheerio_0013_40x80_33.jpg,果汁飲料
train_data/cheerio40x80/cheerio_0013_40x80_34.jpg,果汁飲料
train_data/cheerio40x80/cheerio_0013_40x80_35.jpg,果汁飲料
train_data/cheerio40x80/cheerio_0013_40x80_36.jpg,果汁飲料
train_data/cheerio40x80/cheerio_0013_40x80_37.jpg,果汁飲料
train_data/cheerio40x80/cheerio_0013_40x80_38.jpg,果汁飲料
train_data/cheerio40x80/cheerio_0013_40x80_39.jpg,果汁飲料
train_data/cheerio40x80/cheerio_0013_40x80_40.jpg,果汁飲料
train_data/cheerio40x80/cheerio_0013_40x80_41.jpg,果汁飲料
train_data/cheerio40x80/cheerio_0013_40x80_42.jpg,果汁飲料
train_data/cheerio40x80/cheerio_0013_40x80_43.jpg,果汁飲料
train_data/cheerio40x80/cheerio_0013_40x80_44.jpg,果汁飲料
train_data/cheerio40x80/cheerio_0013_40x80_45.jpg,果汁飲料
train_data/cheerio40x80/cheerio_0013_40x80_46.jpg,果汁飲料
train_data/cheerio40x80/cheerio_0013_40x80_47.jpg,果汁飲料
train_data/cheerio40x80/cheerio_0013_40x80_48.jpg,果汁飲料
train_data/cheerio40x80/cheerio_0013_40x80_49.jpg,果汁飲料
train_data/cheerio40x80/cheerio_0013_40x80_50.jpg,果汁飲料
train_data/cheerio40x80/cheerio_0013_40x80_51.jpg,果汁飲料
train_data/cheerio40x80/cheerio_0013_40x80_52.jpg,果汁飲料
train_data/cheerio40x80/cheerio_0013_40x80_53.jpg,果汁飲料
train_data/cheerio40x80/cheerio_0013_40x80_54.jpg,果汁飲料
train_data/cheerio40x80/cheerio_0013_40x80_55.jpg,果汁飲料
train_data/cheerio40x80/cheerio_0013_40x80_56.jpg,果汁飲料
train_data/cheerio40x80/cheerio_0013_40x80_57.jpg,果汁飲料
train_data/cheerio40x80/cheerio_0013_40x80_58.jpg,果汁飲料
train_data/cheerio40x80/cheerio_0013_40x80_59.jpg,果汁飲料
train_data/cheerio40x80/cheerio_0013_40x80_60.jpg,果汁飲料
train_data/cheerio40x80/cheerio_0013_40x80_61.jpg,果汁飲料
train_data/cheerio40x80/cheerio_0013_40x80_62.jpg,果汁飲料
train_data/cheerio40x80/cheerio_0013_40x80_63.jpg,果汁飲料
train_data/cheerio40x80/cheerio_0013_40x80_64.jpg,果汁飲料
train_data/cheerio40x80/cheerio_0013_40x80_65.jpg,果汁飲料
train_data/cheerio40x80/cheerio_0013_40x80_66.jpg,果汁飲料
train_data/cheerio40x80/cheerio_0013_40x80_67.jpg,果汁飲料
train_data/cheerio40x80/cheerio_0013_40x80_68.jpg,果汁飲料
train_data/cheerio40x80/cheerio_0013_40x80_69.jpg,果汁飲料
train_data/cheerio40x80/cheerio_0013_40x80_70.jpg,果汁飲料
train_data/cheerio40x80/cheerio_0013_40x80_71.jpg,果汁飲料
train_data/cheerio40x80/cheerio_0013_40x80_72.jpg,果汁飲料
train_data/cheerio40x80/cheerio_0013_40x80_73.jpg,果汁飲料
train_data/cheerio40x80/cheerio_0013_40x80_74.jpg,果汁飲料
train_data/cheerio40x80/cheerio_0013_40x80_75.jpg,果汁飲料
train_data/cheerio40x80/cheerio_0013_40x80_76.jpg,果汁飲料
train_data/cheerio40x80/cheerio_0013_40x80_77.jpg,果汁飲料
train_data/cheerio40x80/cheerio_0013_40x80_78.jpg,果汁飲料
train_data/cheerio40x80/cheerio_0013_40x80_79.jpg,果汁飲料
train_data/cheerio40x80/cheerio_0013_40x80_80.jpg,果汁飲料
train_data/cheerio40x80/cheerio_0013_40x80_81.jpg,果汁飲料
train_data/cheerio40x80/cheerio_0013_40x80_82.jpg,果汁飲料
train_data/cheerio40x80/cheerio_0013_40x80_83.jpg,果汁飲料
train_data/cheerio40x80/cheerio_0013_40x80_84.jpg,果汁飲料
train_data/cheerio40x80/cheerio_0013_40x80_85.jpg,果汁飲料
train_data/cheerio40x80/cheerio_0013_40x80_86.jpg,果汁飲料
train_data/cheerio40x80/cheerio_0013_40x80_87.jpg,果汁飲料
train_data/cheerio40x80/cheerio_0014_40x80_0.jpg,紅茶
train_data/cheerio40x80/cheerio_0014_40x80_1.jpg,紅茶
train_data/cheerio40x80/cheerio_0014_40x80_2.jpg,紅茶
train_data/cheerio40x80/cheerio_0014_40x80_3.jpg,紅茶
train_data/cheerio40x80/cheerio_0014_40x80_4.jpg,紅茶
train_data/cheerio40x80/cheerio_0014_40x80_5.jpg,紅茶
train_data/cheerio40x80/cheerio_0014_40x80_6.jpg,紅茶
train_data/cheerio40x80/cheerio_0014_40x80_7.jpg,紅茶
train_data/cheerio40x80/cheerio_0014_40x80_8.jpg,紅茶
train_data/cheerio40x80/cheerio_0014_40x80_9.jpg,紅茶
train_data/cheerio40x80/cheerio_0014_40x80_10.jpg,紅茶
train_data/cheerio40x80/cheerio_0014_40x80_11.jpg,紅茶
train_data/cheerio40x80/cheerio_0014_40x80_12.jpg,紅茶
train_data/cheerio40x80/cheerio_0014_40x80_13.jpg,紅茶
train_data/cheerio40x80/cheerio_0014_40x80_14.jpg,紅茶
train_data/cheerio40x80/cheerio_0014_40x80_15.jpg,紅茶
train_data/cheerio40x80/cheerio_0014_40x80_16.jpg,紅茶
train_data/cheerio40x80/cheerio_0014_40x80_17.jpg,紅茶
train_data/cheerio40x80/cheerio_0014_40x80_18.jpg,紅茶
train_data/cheerio40x80/cheerio_0014_40x80_19.jpg,紅茶
train_data/cheerio40x80/cheerio_0014_40x80_20.jpg,紅茶
train_data/cheerio40x80/cheerio_0014_40x80_21.jpg,紅茶
train_data/cheerio40x80/cheerio_0014_40x80_22.jpg,紅茶
train_data/cheerio40x80/cheerio_0014_40x80_23.jpg,紅茶
train_data/cheerio40x80/cheerio_0014_40x80_24.jpg,紅茶
train_data/cheerio40x80/cheerio_0014_40x80_25.jpg,紅茶
train_data/cheerio40x80/cheerio_0014_40x80_26.jpg,紅茶
train_data/cheerio40x80/cheerio_0014_40x80_27.jpg,紅茶
train_data/cheerio40x80/cheerio_0014_40x80_28.jpg,紅茶
train_data/cheerio40x80/cheerio_0014_40x80_29.jpg,紅茶
train_data/cheerio40x80/cheerio_0014_40x80_30.jpg,紅茶
train_data/cheerio40x80/cheerio_0014_40x80_31.jpg,紅茶
train_data/cheerio40x80/cheerio_0014_40x80_32.jpg,紅茶
train_data/cheerio40x80/cheerio_0014_40x80_33.jpg,紅茶
train_data/cheerio40x80/cheerio_0014_40x80_34.jpg,紅茶
train_data/cheerio40x80/cheerio_0014_40x80_35.jpg,紅茶
train_data/cheerio40x80/cheerio_0014_40x80_36.jpg,紅茶
train_data/cheerio40x80/cheerio_0014_40x80_37.jpg,紅茶
train_data/cheerio40x80/cheerio_0014_40x80_38.jpg,紅茶
train_data/cheerio40x80/cheerio_0014_40x80_39.jpg,紅茶
train_data/cheerio40x80/cheerio_0014_40x80_40.jpg,紅茶
train_data/cheerio40x80/cheerio_0014_40x80_41.jpg,紅茶
train_data/cheerio40x80/cheerio_0014_40x80_42.jpg,紅茶
train_data/cheerio40x80/cheerio_0014_40x80_43.jpg,紅茶
train_data/cheerio40x80/cheerio_0014_40x80_44.jpg,紅茶
train_data/cheerio40x80/cheerio_0014_40x80_45.jpg,紅茶
train_data/cheerio40x80/cheerio_0014_40x80_46.jpg,紅茶
train_data/cheerio40x80/cheerio_0014_40x80_47.jpg,紅茶
train_data/cheerio40x80/cheerio_0014_40x80_48.jpg,紅茶
train_data/cheerio40x80/cheerio_0014_40x80_49.jpg,紅茶
train_data/cheerio40x80/cheerio_0014_40x80_50.jpg,紅茶
train_data/cheerio40x80/cheerio_0014_40x80_51.jpg,紅茶
train_data/cheerio40x80/cheerio_0014_40x80_52.jpg,紅茶
train_data/cheerio40x80/cheerio_0014_40x80_53.jpg,紅茶
train_data/cheerio40x80/cheerio_0014_40x80_54.jpg,紅茶
train_data/cheerio40x80/cheerio_0014_40x80_55.jpg,紅茶
train_data/cheerio40x80/cheerio_0014_40x80_56.jpg,紅茶
train_data/cheerio40x80/cheerio_0014_40x80_57.jpg,紅茶
train_data/cheerio40x80/cheerio_0014_40x80_58.jpg,紅茶
train_data/cheerio40x80/cheerio_0014_40x80_59.jpg,紅茶
train_data/cheerio40x80/cheerio_0014_40x80_60.jpg,紅茶
train_data/cheerio40x80/cheerio_0014_40x80_61.jpg,紅茶
train_data/cheerio40x80/cheerio_0014_40x80_62.jpg,紅茶
train_data/cheerio40x80/cheerio_0014_40x80_63.jpg,紅茶
train_data/cheerio40x80/cheerio_0014_40x80_64.jpg,紅茶
train_data/cheerio40x80/cheerio_0014_40x80_65.jpg,紅茶
train_data/cheerio40x80/cheerio_0014_40x80_66.jpg,紅茶
train_data/cheerio40x80/cheerio_0014_40x80_67.jpg,紅茶
train_data/cheerio40x80/cheerio_0014_40x80_68.jpg,紅茶
train_data/cheerio40x80/cheerio_0014_40x80_69.jpg,紅茶
train_data/cheerio40x80/cheerio_0014_40x80_70.jpg,紅茶
train_data/cheerio40x80/cheerio_0014_40x80_71.jpg,紅茶
train_data/cheerio40x80/cheerio_0014_40x80_72.jpg,紅茶
train_data/cheerio40x80/cheerio_0014_40x80_73.jpg,紅茶
train_data/cheerio40x80/cheerio_0014_40x80_74.jpg,紅茶
train_data/cheerio40x80/cheerio_0014_40x80_75.jpg,紅茶
train_data/cheerio40x80/cheerio_0014_40x80_76.jpg,紅茶
train_data/cheerio40x80/cheerio_0014_40x80_77.jpg,紅茶
train_data/cheerio40x80/cheerio_0014_40x80_78.jpg,紅茶
train_data/cheerio40x80/cheerio_0014_40x80_79.jpg,紅茶
train_data/cheerio40x80/cheerio_0014_40x80_80.jpg,紅茶
train_data/cheerio40x80/cheerio_0014_40x80_81.jpg,紅茶
train_data/cheerio40x80/cheerio_0014_40x80_82.jpg,紅茶
train_data/cheerio40x80/cheerio_0014_40x80_83.jpg,紅茶
train_data/cheerio40x80/cheerio_0014_40x80_84.jpg,紅茶
train_data/cheerio40x80/cheerio_0014_40x80_85.jpg,紅茶
train_data/cheerio40x80/cheerio_0014_40x80_86.jpg,紅茶
train_data/cheerio40x80/cheerio_0014_40x80_87.jpg,紅茶
train_data/cheerio40x80/cheerio_0015_40x80_0.jpg,緑茶
train_data/cheerio40x80/cheerio_0015_40x80_1.jpg,緑茶
train_data/cheerio40x80/cheerio_0015_40x80_2.jpg,緑茶
train_data/cheerio40x80/cheerio_0015_40x80_3.jpg,緑茶
train_data/cheerio40x80/cheerio_0015_40x80_4.jpg,緑茶
train_data/cheerio40x80/cheerio_0015_40x80_5.jpg,緑茶
train_data/cheerio40x80/cheerio_0015_40x80_6.jpg,緑茶
train_data/cheerio40x80/cheerio_0015_40x80_7.jpg,緑茶
train_data/cheerio40x80/cheerio_0015_40x80_8.jpg,緑茶
train_data/cheerio40x80/cheerio_0015_40x80_9.jpg,緑茶
train_data/cheerio40x80/cheerio_0015_40x80_10.jpg,緑茶
train_data/cheerio40x80/cheerio_0015_40x80_11.jpg,緑茶
train_data/cheerio40x80/cheerio_0015_40x80_12.jpg,緑茶
train_data/cheerio40x80/cheerio_0015_40x80_13.jpg,緑茶
train_data/cheerio40x80/cheerio_0015_40x80_14.jpg,緑茶
train_data/cheerio40x80/cheerio_0015_40x80_15.jpg,緑茶
train_data/cheerio40x80/cheerio_0015_40x80_16.jpg,緑茶
train_data/cheerio40x80/cheerio_0015_40x80_17.jpg,緑茶
train_data/cheerio40x80/cheerio_0015_40x80_18.jpg,緑茶
train_data/cheerio40x80/cheerio_0015_40x80_19.jpg,緑茶
train_data/cheerio40x80/cheerio_0015_40x80_20.jpg,緑茶
train_data/cheerio40x80/cheerio_0015_40x80_21.jpg,緑茶
train_data/cheerio40x80/cheerio_0015_40x80_22.jpg,緑茶
train_data/cheerio40x80/cheerio_0015_40x80_23.jpg,緑茶
train_data/cheerio40x80/cheerio_0015_40x80_24.jpg,緑茶
train_data/cheerio40x80/cheerio_0015_40x80_25.jpg,緑茶
train_data/cheerio40x80/cheerio_0015_40x80_26.jpg,緑茶
train_data/cheerio40x80/cheerio_0015_40x80_27.jpg,緑茶
train_data/cheerio40x80/cheerio_0015_40x80_28.jpg,緑茶
train_data/cheerio40x80/cheerio_0015_40x80_29.jpg,緑茶
train_data/cheerio40x80/cheerio_0015_40x80_30.jpg,緑茶
train_data/cheerio40x80/cheerio_0015_40x80_31.jpg,緑茶
train_data/cheerio40x80/cheerio_0015_40x80_32.jpg,緑茶
train_data/cheerio40x80/cheerio_0015_40x80_33.jpg,緑茶
train_data/cheerio40x80/cheerio_0015_40x80_34.jpg,緑茶
train_data/cheerio40x80/cheerio_0015_40x80_35.jpg,緑茶
train_data/cheerio40x80/cheerio_0015_40x80_36.jpg,緑茶
train_data/cheerio40x80/cheerio_0015_40x80_37.jpg,緑茶
train_data/cheerio40x80/cheerio_0015_40x80_38.jpg,緑茶
train_data/cheerio40x80/cheerio_0015_40x80_39.jpg,緑茶
train_data/cheerio40x80/cheerio_0015_40x80_40.jpg,緑茶
train_data/cheerio40x80/cheerio_0015_40x80_41.jpg,緑茶
train_data/cheerio40x80/cheerio_0015_40x80_42.jpg,緑茶
train_data/cheerio40x80/cheerio_0015_40x80_43.jpg,緑茶
train_data/cheerio40x80/cheerio_0015_40x80_44.jpg,緑茶
train_data/cheerio40x80/cheerio_0015_40x80_45.jpg,緑茶
train_data/cheerio40x80/cheerio_0015_40x80_46.jpg,緑茶
train_data/cheerio40x80/cheerio_0015_40x80_47.jpg,緑茶
train_data/cheerio40x80/cheerio_0015_40x80_48.jpg,緑茶
train_data/cheerio40x80/cheerio_0015_40x80_49.jpg,緑茶
train_data/cheerio40x80/cheerio_0015_40x80_50.jpg,緑茶
train_data/cheerio40x80/cheerio_0015_40x80_51.jpg,緑茶
train_data/cheerio40x80/cheerio_0015_40x80_52.jpg,緑茶
train_data/cheerio40x80/cheerio_0015_40x80_53.jpg,緑茶
train_data/cheerio40x80/cheerio_0015_40x80_54.jpg,緑茶
train_data/cheerio40x80/cheerio_0015_40x80_55.jpg,緑茶
train_data/cheerio40x80/cheerio_0015_40x80_56.jpg,緑茶
train_data/cheerio40x80/cheerio_0015_40x80_57.jpg,緑茶
train_data/cheerio40x80/cheerio_0015_40x80_58.jpg,緑茶
train_data/cheerio40x80/cheerio_0015_40x80_59.jpg,緑茶
train_data/cheerio40x80/cheerio_0015_40x80_60.jpg,緑茶
train_data/cheerio40x80/cheerio_0015_40x80_61.jpg,緑茶
train_data/cheerio40x80/cheerio_0015_40x80_62.jpg,緑茶
train_data/cheerio40x80/cheerio_0015_40x80_63.jpg,緑茶
train_data/cheerio40x80/cheerio_0015_40x80_64.jpg,緑茶
train_data/cheerio40x80/cheerio_0015_40x80_65.jpg,緑茶
train_data/cheerio40x80/cheerio_0015_40x80_66.jpg,緑茶
train_data/cheerio40x80/cheerio_0015_40x80_67.jpg,緑茶
train_data/cheerio40x80/cheerio_0015_40x80_68.jpg,緑茶
train_data/cheerio40x80/cheerio_0015_40x80_69.jpg,緑茶
train_data/cheerio40x80/cheerio_0015_40x80_70.jpg,緑茶
train_data/cheerio40x80/cheerio_0015_40x80_71.jpg,緑茶
train_data/cheerio40x80/cheerio_0015_40x80_72.jpg,緑茶
train_data/cheerio40x80/cheerio_0015_40x80_73.jpg,緑茶
train_data/cheerio40x80/cheerio_0015_40x80_74.jpg,緑茶
train_data/cheerio40x80/cheerio_0015_40x80_75.jpg,緑茶
train_data/cheerio40x80/cheerio_0015_40x80_76.jpg,緑茶
train_data/cheerio40x80/cheerio_0015_40x80_77.jpg,緑茶
train_data/cheerio40x80/cheerio_0015_40x80_78.jpg,緑茶
train_data/cheerio40x80/cheerio_0015_40x80_79.jpg,緑茶
train_data/cheerio40x80/cheerio_0015_40x80_80.jpg,緑茶
train_data/cheerio40x80/cheerio_0015_40x80_81.jpg,緑茶
train_data/cheerio40x80/cheerio_0015_40x80_82.jpg,緑茶
train_data/cheerio40x80/cheerio_0015_40x80_83.jpg,緑茶
train_data/cheerio40x80/cheerio_0015_40x80_84.jpg,緑茶
train_data/cheerio40x80/cheerio_0015_40x80_85.jpg,緑茶
train_data/cheerio40x80/cheerio_0015_40x80_86.jpg,緑茶
train_data/cheerio40x80/cheerio_0015_40x80_87.jpg,緑茶
train_data/cheerio40x80/cheerio_0016_40x80_0.jpg,果汁飲料
train_data/cheerio40x80/cheerio_0016_40x80_1.jpg,果汁飲料
train_data/cheerio40x80/cheerio_0016_40x80_2.jpg,果汁飲料
train_data/cheerio40x80/cheerio_0016_40x80_3.jpg,果汁飲料
train_data/cheerio40x80/cheerio_0016_40x80_4.jpg,果汁飲料
train_data/cheerio40x80/cheerio_0016_40x80_5.jpg,果汁飲料
train_data/cheerio40x80/cheerio_0016_40x80_6.jpg,果汁飲料
train_data/cheerio40x80/cheerio_0016_40x80_7.jpg,果汁飲料
train_data/cheerio40x80/cheerio_0016_40x80_8.jpg,果汁飲料
train_data/cheerio40x80/cheerio_0016_40x80_9.jpg,果汁飲料
train_data/cheerio40x80/cheerio_0016_40x80_10.jpg,果汁飲料
train_data/cheerio40x80/cheerio_0016_40x80_11.jpg,果汁飲料
train_data/cheerio40x80/cheerio_0016_40x80_12.jpg,果汁飲料
train_data/cheerio40x80/cheerio_0016_40x80_13.jpg,果汁飲料
train_data/cheerio40x80/cheerio_0016_40x80_14.jpg,果汁飲料
train_data/cheerio40x80/cheerio_0016_40x80_15.jpg,果汁飲料
train_data/cheerio40x80/cheerio_0016_40x80_16.jpg,果汁飲料
train_data/cheerio40x80/cheerio_0016_40x80_17.jpg,果汁飲料
train_data/cheerio40x80/cheerio_0016_40x80_18.jpg,果汁飲料
train_data/cheerio40x80/cheerio_0016_40x80_19.jpg,果汁飲料
train_data/cheerio40x80/cheerio_0016_40x80_20.jpg,果汁飲料
train_data/cheerio40x80/cheerio_0016_40x80_21.jpg,果汁飲料
train_data/cheerio40x80/cheerio_0016_40x80_22.jpg,果汁飲料
train_data/cheerio40x80/cheerio_0016_40x80_23.jpg,果汁飲料
train_data/cheerio40x80/cheerio_0016_40x80_24.jpg,果汁飲料
train_data/cheerio40x80/cheerio_0016_40x80_25.jpg,果汁飲料
train_data/cheerio40x80/cheerio_0016_40x80_26.jpg,果汁飲料
train_data/cheerio40x80/cheerio_0016_40x80_27.jpg,果汁飲料
train_data/cheerio40x80/cheerio_0016_40x80_28.jpg,果汁飲料
train_data/cheerio40x80/cheerio_0016_40x80_29.jpg,果汁飲料
train_data/cheerio40x80/cheerio_0016_40x80_30.jpg,果汁飲料
train_data/cheerio40x80/cheerio_0016_40x80_31.jpg,果汁飲料
train_data/cheerio40x80/cheerio_0016_40x80_32.jpg,果汁飲料
train_data/cheerio40x80/cheerio_0016_40x80_33.jpg,果汁飲料
train_data/cheerio40x80/cheerio_0016_40x80_34.jpg,果汁飲料
train_data/cheerio40x80/cheerio_0016_40x80_35.jpg,果汁飲料
train_data/cheerio40x80/cheerio_0016_40x80_36.jpg,果汁飲料
train_data/cheerio40x80/cheerio_0016_40x80_37.jpg,果汁飲料
train_data/cheerio40x80/cheerio_0016_40x80_38.jpg,果汁飲料
train_data/cheerio40x80/cheerio_0016_40x80_39.jpg,果汁飲料
train_data/cheerio40x80/cheerio_0016_40x80_40.jpg,果汁飲料
train_data/cheerio40x80/cheerio_0016_40x80_41.jpg,果汁飲料
train_data/cheerio40x80/cheerio_0016_40x80_42.jpg,果汁飲料
train_data/cheerio40x80/cheerio_0016_40x80_43.jpg,果汁飲料
train_data/cheerio40x80/cheerio_0016_40x80_44.jpg,果汁飲料
train_data/cheerio40x80/cheerio_0016_40x80_45.jpg,果汁飲料
train_data/cheerio40x80/cheerio_0016_40x80_46.jpg,果汁飲料
train_data/cheerio40x80/cheerio_0016_40x80_47.jpg,果汁飲料
train_data/cheerio40x80/cheerio_0016_40x80_48.jpg,果汁飲料
train_data/cheerio40x80/cheerio_0016_40x80_49.jpg,果汁飲料
train_data/cheerio40x80/cheerio_0016_40x80_50.jpg,果汁飲料
train_data/cheerio40x80/cheerio_0016_40x80_51.jpg,果汁飲料
train_data/cheerio40x80/cheerio_0016_40x80_52.jpg,果汁飲料
train_data/cheerio40x80/cheerio_0016_40x80_53.jpg,果汁飲料
train_data/cheerio40x80/cheerio_0016_40x80_54.jpg,果汁飲料
train_data/cheerio40x80/cheerio_0016_40x80_55.jpg,果汁飲料
train_data/cheerio40x80/cheerio_0016_40x80_56.jpg,果汁飲料
train_data/cheerio40x80/cheerio_0016_40x80_57.jpg,果汁飲料
train_data/cheerio40x80/cheerio_0016_40x80_58.jpg,果汁飲料
train_data/cheerio40x80/cheerio_0016_40x80_59.jpg,果汁飲料
train_data/cheerio40x80/cheerio_0016_40x80_60.jpg,果汁飲料
train_data/cheerio40x80/cheerio_0016_40x80_61.jpg,果汁飲料
train_data/cheerio40x80/cheerio_0016_40x80_62.jpg,果汁飲料
train_data/cheerio40x80/cheerio_0016_40x80_63.jpg,果汁飲料
train_data/cheerio40x80/cheerio_0016_40x80_64.jpg,果汁飲料
train_data/cheerio40x80/cheerio_0016_40x80_65.jpg,果汁飲料
train_data/cheerio40x80/cheerio_0016_40x80_66.jpg,果汁飲料
train_data/cheerio40x80/cheerio_0016_40x80_67.jpg,果汁飲料
train_data/cheerio40x80/cheerio_0016_40x80_68.jpg,果汁飲料
train_data/cheerio40x80/cheerio_0016_40x80_69.jpg,果汁飲料
train_data/cheerio40x80/cheerio_0016_40x80_70.jpg,果汁飲料
train_data/cheerio40x80/cheerio_0016_40x80_71.jpg,果汁飲料
train_data/cheerio40x80/cheerio_0016_40x80_72.jpg,果汁飲料
train_data/cheerio40x80/cheerio_0016_40x80_73.jpg,果汁飲料
train_data/cheerio40x80/cheerio_0016_40x80_74.jpg,果汁飲料
train_data/cheerio40x80/cheerio_0016_40x80_75.jpg,果汁飲料
train_data/cheerio40x80/cheerio_0016_40x80_76.jpg,果汁飲料
train_data/cheerio40x80/cheerio_0016_40x80_77.jpg,果汁飲料
train_data/cheerio40x80/cheerio_0016_40x80_78.jpg,果汁飲料
train_data/cheerio40x80/cheerio_0016_40x80_79.jpg,果汁飲料
train_data/cheerio40x80/cheerio_0016_40x80_80.jpg,果汁飲料
train_data/cheerio40x80/cheerio_0016_40x80_81.jpg,果汁飲料
train_data/cheerio40x80/cheerio_0016_40x80_82.jpg,果汁飲料
train_data/cheerio40x80/cheerio_0016_40x80_83.jpg,果汁飲料
train_data/cheerio40x80/cheerio_0016_40x80_84.jpg,果汁飲料
train_data/cheerio40x80/cheerio_0016_40x80_85.jpg,果汁飲料
train_data/cheerio40x80/cheerio_0016_40x80_86.jpg,果汁飲料
train_data/cheerio40x80/cheerio_0016_40x80_87.jpg,果汁飲料
train_data/cheerio40x80/cheerio_0017_40x80_0.jpg,緑茶
train_data/cheerio40x80/cheerio_0017_40x80_1.jpg,緑茶
train_data/cheerio40x80/cheerio_0017_40x80_2.jpg,緑茶
train_data/cheerio40x80/cheerio_0017_40x80_3.jpg,緑茶
train_data/cheerio40x80/cheerio_0017_40x80_4.jpg,緑茶
train_data/cheerio40x80/cheerio_0017_40x80_5.jpg,緑茶
train_data/cheerio40x80/cheerio_0017_40x80_6.jpg,緑茶
train_data/cheerio40x80/cheerio_0017_40x80_7.jpg,緑茶
train_data/cheerio40x80/cheerio_0017_40x80_8.jpg,緑茶
train_data/cheerio40x80/cheerio_0017_40x80_9.jpg,緑茶
train_data/cheerio40x80/cheerio_0017_40x80_10.jpg,緑茶
train_data/cheerio40x80/cheerio_0017_40x80_11.jpg,緑茶
train_data/cheerio40x80/cheerio_0017_40x80_12.jpg,緑茶
train_data/cheerio40x80/cheerio_0017_40x80_13.jpg,緑茶
train_data/cheerio40x80/cheerio_0017_40x80_14.jpg,緑茶
train_data/cheerio40x80/cheerio_0017_40x80_15.jpg,緑茶
train_data/cheerio40x80/cheerio_0017_40x80_16.jpg,緑茶
train_data/cheerio40x80/cheerio_0017_40x80_17.jpg,緑茶
train_data/cheerio40x80/cheerio_0017_40x80_18.jpg,緑茶
train_data/cheerio40x80/cheerio_0017_40x80_19.jpg,緑茶
train_data/cheerio40x80/cheerio_0017_40x80_20.jpg,緑茶
train_data/cheerio40x80/cheerio_0017_40x80_21.jpg,緑茶
train_data/cheerio40x80/cheerio_0017_40x80_22.jpg,緑茶
train_data/cheerio40x80/cheerio_0017_40x80_23.jpg,緑茶
train_data/cheerio40x80/cheerio_0017_40x80_24.jpg,緑茶
train_data/cheerio40x80/cheerio_0017_40x80_25.jpg,緑茶
train_data/cheerio40x80/cheerio_0017_40x80_26.jpg,緑茶
train_data/cheerio40x80/cheerio_0017_40x80_27.jpg,緑茶
train_data/cheerio40x80/cheerio_0017_40x80_28.jpg,緑茶
train_data/cheerio40x80/cheerio_0017_40x80_29.jpg,緑茶
train_data/cheerio40x80/cheerio_0017_40x80_30.jpg,緑茶
train_data/cheerio40x80/cheerio_0017_40x80_31.jpg,緑茶
train_data/cheerio40x80/cheerio_0017_40x80_32.jpg,緑茶
train_data/cheerio40x80/cheerio_0017_40x80_33.jpg,緑茶
train_data/cheerio40x80/cheerio_0017_40x80_34.jpg,緑茶
train_data/cheerio40x80/cheerio_0017_40x80_35.jpg,緑茶
train_data/cheerio40x80/cheerio_0017_40x80_36.jpg,緑茶
train_data/cheerio40x80/cheerio_0017_40x80_37.jpg,緑茶
train_data/cheerio40x80/cheerio_0017_40x80_38.jpg,緑茶
train_data/cheerio40x80/cheerio_0017_40x80_39.jpg,緑茶
train_data/cheerio40x80/cheerio_0017_40x80_40.jpg,緑茶
train_data/cheerio40x80/cheerio_0017_40x80_41.jpg,緑茶
train_data/cheerio40x80/cheerio_0017_40x80_42.jpg,緑茶
train_data/cheerio40x80/cheerio_0017_40x80_43.jpg,緑茶
train_data/cheerio40x80/cheerio_0017_40x80_44.jpg,緑茶
train_data/cheerio40x80/cheerio_0017_40x80_45.jpg,緑茶
train_data/cheerio40x80/cheerio_0017_40x80_46.jpg,緑茶
train_data/cheerio40x80/cheerio_0017_40x80_47.jpg,緑茶
train_data/cheerio40x80/cheerio_0017_40x80_48.jpg,緑茶
train_data/cheerio40x80/cheerio_0017_40x80_49.jpg,緑茶
train_data/cheerio40x80/cheerio_0017_40x80_50.jpg,緑茶
train_data/cheerio40x80/cheerio_0017_40x80_51.jpg,緑茶
train_data/cheerio40x80/cheerio_0017_40x80_52.jpg,緑茶
train_data/cheerio40x80/cheerio_0017_40x80_53.jpg,緑茶
train_data/cheerio40x80/cheerio_0017_40x80_54.jpg,緑茶
train_data/cheerio40x80/cheerio_0017_40x80_55.jpg,緑茶
train_data/cheerio40x80/cheerio_0017_40x80_56.jpg,緑茶
train_data/cheerio40x80/cheerio_0017_40x80_57.jpg,緑茶
train_data/cheerio40x80/cheerio_0017_40x80_58.jpg,緑茶
train_data/cheerio40x80/cheerio_0017_40x80_59.jpg,緑茶
train_data/cheerio40x80/cheerio_0017_40x80_60.jpg,緑茶
train_data/cheerio40x80/cheerio_0017_40x80_61.jpg,緑茶
train_data/cheerio40x80/cheerio_0017_40x80_62.jpg,緑茶
train_data/cheerio40x80/cheerio_0017_40x80_63.jpg,緑茶
train_data/cheerio40x80/cheerio_0017_40x80_64.jpg,緑茶
train_data/cheerio40x80/cheerio_0017_40x80_65.jpg,緑茶
train_data/cheerio40x80/cheerio_0017_40x80_66.jpg,緑茶
train_data/cheerio40x80/cheerio_0017_40x80_67.jpg,緑茶
train_data/cheerio40x80/cheerio_0017_40x80_68.jpg,緑茶
train_data/cheerio40x80/cheerio_0017_40x80_69.jpg,緑茶
train_data/cheerio40x80/cheerio_0017_40x80_70.jpg,緑茶
train_data/cheerio40x80/cheerio_0017_40x80_71.jpg,緑茶
train_data/cheerio40x80/cheerio_0017_40x80_72.jpg,緑茶
train_data/cheerio40x80/cheerio_0017_40x80_73.jpg,緑茶
train_data/cheerio40x80/cheerio_0017_40x80_74.jpg,緑茶
train_data/cheerio40x80/cheerio_0017_40x80_75.jpg,緑茶
train_data/cheerio40x80/cheerio_0017_40x80_76.jpg,緑茶
train_data/cheerio40x80/cheerio_0017_40x80_77.jpg,緑茶
train_data/cheerio40x80/cheerio_0017_40x80_78.jpg,緑茶
train_data/cheerio40x80/cheerio_0017_40x80_79.jpg,緑茶
train_data/cheerio40x80/cheerio_0017_40x80_80.jpg,緑茶
train_data/cheerio40x80/cheerio_0017_40x80_81.jpg,緑茶
train_data/cheerio40x80/cheerio_0017_40x80_82.jpg,緑茶
train_data/cheerio40x80/cheerio_0017_40x80_83.jpg,緑茶
train_data/cheerio40x80/cheerio_0017_40x80_84.jpg,緑茶
train_data/cheerio40x80/cheerio_0017_40x80_85.jpg,緑茶
train_data/cheerio40x80/cheerio_0017_40x80_86.jpg,緑茶
train_data/cheerio40x80/cheerio_0017_40x80_87.jpg,緑茶
train_data/cheerio40x80/cheerio_0018_40x80_0.jpg,その他お茶
train_data/cheerio40x80/cheerio_0018_40x80_1.jpg,その他お茶
train_data/cheerio40x80/cheerio_0018_40x80_2.jpg,その他お茶
train_data/cheerio40x80/cheerio_0018_40x80_3.jpg,その他お茶
train_data/cheerio40x80/cheerio_0018_40x80_4.jpg,その他お茶
train_data/cheerio40x80/cheerio_0018_40x80_5.jpg,その他お茶
train_data/cheerio40x80/cheerio_0018_40x80_6.jpg,その他お茶
train_data/cheerio40x80/cheerio_0018_40x80_7.jpg,その他お茶
train_data/cheerio40x80/cheerio_0018_40x80_8.jpg,その他お茶
train_data/cheerio40x80/cheerio_0018_40x80_9.jpg,その他お茶
train_data/cheerio40x80/cheerio_0018_40x80_10.jpg,その他お茶
train_data/cheerio40x80/cheerio_0018_40x80_11.jpg,その他お茶
train_data/cheerio40x80/cheerio_0018_40x80_12.jpg,その他お茶
train_data/cheerio40x80/cheerio_0018_40x80_13.jpg,その他お茶
train_data/cheerio40x80/cheerio_0018_40x80_14.jpg,その他お茶
train_data/cheerio40x80/cheerio_0018_40x80_15.jpg,その他お茶
train_data/cheerio40x80/cheerio_0018_40x80_16.jpg,その他お茶
train_data/cheerio40x80/cheerio_0018_40x80_17.jpg,その他お茶
train_data/cheerio40x80/cheerio_0018_40x80_18.jpg,その他お茶
train_data/cheerio40x80/cheerio_0018_40x80_19.jpg,その他お茶
train_data/cheerio40x80/cheerio_0018_40x80_20.jpg,その他お茶
train_data/cheerio40x80/cheerio_0018_40x80_21.jpg,その他お茶
train_data/cheerio40x80/cheerio_0018_40x80_22.jpg,その他お茶
train_data/cheerio40x80/cheerio_0018_40x80_23.jpg,その他お茶
train_data/cheerio40x80/cheerio_0018_40x80_24.jpg,その他お茶
train_data/cheerio40x80/cheerio_0018_40x80_25.jpg,その他お茶
train_data/cheerio40x80/cheerio_0018_40x80_26.jpg,その他お茶
train_data/cheerio40x80/cheerio_0018_40x80_27.jpg,その他お茶
train_data/cheerio40x80/cheerio_0018_40x80_28.jpg,その他お茶
train_data/cheerio40x80/cheerio_0018_40x80_29.jpg,その他お茶
train_data/cheerio40x80/cheerio_0018_40x80_30.jpg,その他お茶
train_data/cheerio40x80/cheerio_0018_40x80_31.jpg,その他お茶
train_data/cheerio40x80/cheerio_0018_40x80_32.jpg,その他お茶
train_data/cheerio40x80/cheerio_0018_40x80_33.jpg,その他お茶
train_data/cheerio40x80/cheerio_0018_40x80_34.jpg,その他お茶
train_data/cheerio40x80/cheerio_0018_40x80_35.jpg,その他お茶
train_data/cheerio40x80/cheerio_0018_40x80_36.jpg,その他お茶
train_data/cheerio40x80/cheerio_0018_40x80_37.jpg,その他お茶
train_data/cheerio40x80/cheerio_0018_40x80_38.jpg,その他お茶
train_data/cheerio40x80/cheerio_0018_40x80_39.jpg,その他お茶
train_data/cheerio40x80/cheerio_0018_40x80_40.jpg,その他お茶
train_data/cheerio40x80/cheerio_0018_40x80_41.jpg,その他お茶
train_data/cheerio40x80/cheerio_0018_40x80_42.jpg,その他お茶
train_data/cheerio40x80/cheerio_0018_40x80_43.jpg,その他お茶
train_data/cheerio40x80/cheerio_0018_40x80_44.jpg,その他お茶
train_data/cheerio40x80/cheerio_0018_40x80_45.jpg,その他お茶
train_data/cheerio40x80/cheerio_0018_40x80_46.jpg,その他お茶
train_data/cheerio40x80/cheerio_0018_40x80_47.jpg,その他お茶
train_data/cheerio40x80/cheerio_0018_40x80_48.jpg,その他お茶
train_data/cheerio40x80/cheerio_0018_40x80_49.jpg,その他お茶
train_data/cheerio40x80/cheerio_0018_40x80_50.jpg,その他お茶
train_data/cheerio40x80/cheerio_0018_40x80_51.jpg,その他お茶
train_data/cheerio40x80/cheerio_0018_40x80_52.jpg,その他お茶
train_data/cheerio40x80/cheerio_0018_40x80_53.jpg,その他お茶
train_data/cheerio40x80/cheerio_0018_40x80_54.jpg,その他お茶
train_data/cheerio40x80/cheerio_0018_40x80_55.jpg,その他お茶
train_data/cheerio40x80/cheerio_0018_40x80_56.jpg,その他お茶
train_data/cheerio40x80/cheerio_0018_40x80_57.jpg,その他お茶
train_data/cheerio40x80/cheerio_0018_40x80_58.jpg,その他お茶
train_data/cheerio40x80/cheerio_0018_40x80_59.jpg,その他お茶
train_data/cheerio40x80/cheerio_0018_40x80_60.jpg,その他お茶
train_data/cheerio40x80/cheerio_0018_40x80_61.jpg,その他お茶
train_data/cheerio40x80/cheerio_0018_40x80_62.jpg,その他お茶
train_data/cheerio40x80/cheerio_0018_40x80_63.jpg,その他お茶
train_data/cheerio40x80/cheerio_0018_40x80_64.jpg,その他お茶
train_data/cheerio40x80/cheerio_0018_40x80_65.jpg,その他お茶
train_data/cheerio40x80/cheerio_0018_40x80_66.jpg,その他お茶
train_data/cheerio40x80/cheerio_0018_40x80_67.jpg,その他お茶
train_data/cheerio40x80/cheerio_0018_40x80_68.jpg,その他お茶
train_data/cheerio40x80/cheerio_0018_40x80_69.jpg,その他お茶
train_data/cheerio40x80/cheerio_0018_40x80_70.jpg,その他お茶
train_data/cheerio40x80/cheerio_0018_40x80_71.jpg,その他お茶
train_data/cheerio40x80/cheerio_0018_40x80_72.jpg,その他お茶
train_data/cheerio40x80/cheerio_0018_40x80_73.jpg,その他お茶
train_data/cheerio40x80/cheerio_0018_40x80_74.jpg,その他お茶
train_data/cheerio40x80/cheerio_0018_40x80_75.jpg,その他お茶
train_data/cheerio40x80/cheerio_0018_40x80_76.jpg,その他お茶
train_data/cheerio40x80/cheerio_0018_40x80_77.jpg,その他お茶
train_data/cheerio40x80/cheerio_0018_40x80_78.jpg,その他お茶
train_data/cheerio40x80/cheerio_0018_40x80_79.jpg,その他お茶
train_data/cheerio40x80/cheerio_0018_40x80_80.jpg,その他お茶
train_data/cheerio40x80/cheerio_0018_40x80_81.jpg,その他お茶
train_data/cheerio40x80/cheerio_0018_40x80_82.jpg,その他お茶
train_data/cheerio40x80/cheerio_0018_40x80_83.jpg,その他お茶
train_data/cheerio40x80/cheerio_0018_40x80_84.jpg,その他お茶
train_data/cheerio40x80/cheerio_0018_40x80_85.jpg,その他お茶
train_data/cheerio40x80/cheerio_0018_40x80_86.jpg,その他お茶
train_data/cheerio40x80/cheerio_0018_40x80_87.jpg,その他お茶
