train_data/kao40x80/0000_40x80_0.jpg,緑茶
train_data/kao40x80/0000_40x80_1.jpg,緑茶
train_data/kao40x80/0000_40x80_2.jpg,緑茶
train_data/kao40x80/0000_40x80_3.jpg,緑茶
train_data/kao40x80/0000_40x80_4.jpg,緑茶
train_data/kao40x80/0000_40x80_5.jpg,緑茶
train_data/kao40x80/0000_40x80_6.jpg,緑茶
train_data/kao40x80/0000_40x80_7.jpg,緑茶
train_data/kao40x80/0000_40x80_8.jpg,緑茶
train_data/kao40x80/0000_40x80_9.jpg,緑茶
train_data/kao40x80/0000_40x80_10.jpg,緑茶
train_data/kao40x80/0000_40x80_11.jpg,緑茶
train_data/kao40x80/0000_40x80_12.jpg,緑茶
train_data/kao40x80/0000_40x80_13.jpg,緑茶
train_data/kao40x80/0000_40x80_14.jpg,緑茶
train_data/kao40x80/0000_40x80_15.jpg,緑茶
train_data/kao40x80/0000_40x80_16.jpg,緑茶
train_data/kao40x80/0000_40x80_17.jpg,緑茶
train_data/kao40x80/0000_40x80_18.jpg,緑茶
train_data/kao40x80/0000_40x80_19.jpg,緑茶
train_data/kao40x80/0000_40x80_20.jpg,緑茶
train_data/kao40x80/0000_40x80_21.jpg,緑茶
train_data/kao40x80/0000_40x80_22.jpg,緑茶
train_data/kao40x80/0000_40x80_23.jpg,緑茶
train_data/kao40x80/0000_40x80_24.jpg,緑茶
train_data/kao40x80/0000_40x80_25.jpg,緑茶
train_data/kao40x80/0000_40x80_26.jpg,緑茶
train_data/kao40x80/0000_40x80_27.jpg,緑茶
train_data/kao40x80/0000_40x80_28.jpg,緑茶
train_data/kao40x80/0000_40x80_29.jpg,緑茶
train_data/kao40x80/0000_40x80_30.jpg,緑茶
train_data/kao40x80/0000_40x80_31.jpg,緑茶
train_data/kao40x80/0000_40x80_32.jpg,緑茶
train_data/kao40x80/0000_40x80_33.jpg,緑茶
train_data/kao40x80/0000_40x80_34.jpg,緑茶
train_data/kao40x80/0000_40x80_35.jpg,緑茶
train_data/kao40x80/0000_40x80_36.jpg,緑茶
train_data/kao40x80/0000_40x80_37.jpg,緑茶
train_data/kao40x80/0000_40x80_38.jpg,緑茶
train_data/kao40x80/0000_40x80_39.jpg,緑茶
train_data/kao40x80/0000_40x80_40.jpg,緑茶
train_data/kao40x80/0000_40x80_41.jpg,緑茶
train_data/kao40x80/0000_40x80_42.jpg,緑茶
train_data/kao40x80/0000_40x80_43.jpg,緑茶
train_data/kao40x80/0000_40x80_44.jpg,緑茶
train_data/kao40x80/0000_40x80_45.jpg,緑茶
train_data/kao40x80/0000_40x80_46.jpg,緑茶
train_data/kao40x80/0000_40x80_47.jpg,緑茶
train_data/kao40x80/0000_40x80_48.jpg,緑茶
train_data/kao40x80/0000_40x80_49.jpg,緑茶
train_data/kao40x80/0000_40x80_50.jpg,緑茶
train_data/kao40x80/0000_40x80_51.jpg,緑茶
train_data/kao40x80/0000_40x80_52.jpg,緑茶
train_data/kao40x80/0000_40x80_53.jpg,緑茶
train_data/kao40x80/0000_40x80_54.jpg,緑茶
train_data/kao40x80/0000_40x80_55.jpg,緑茶
train_data/kao40x80/0000_40x80_56.jpg,緑茶
train_data/kao40x80/0000_40x80_57.jpg,緑茶
train_data/kao40x80/0000_40x80_58.jpg,緑茶
train_data/kao40x80/0000_40x80_59.jpg,緑茶
train_data/kao40x80/0000_40x80_60.jpg,緑茶
train_data/kao40x80/0000_40x80_61.jpg,緑茶
train_data/kao40x80/0000_40x80_62.jpg,緑茶
train_data/kao40x80/0000_40x80_63.jpg,緑茶
train_data/kao40x80/0000_40x80_64.jpg,緑茶
train_data/kao40x80/0000_40x80_65.jpg,緑茶
train_data/kao40x80/0000_40x80_66.jpg,緑茶
train_data/kao40x80/0000_40x80_67.jpg,緑茶
train_data/kao40x80/0000_40x80_68.jpg,緑茶
train_data/kao40x80/0000_40x80_69.jpg,緑茶
train_data/kao40x80/0000_40x80_70.jpg,緑茶
train_data/kao40x80/0000_40x80_71.jpg,緑茶
train_data/kao40x80/0000_40x80_72.jpg,緑茶
train_data/kao40x80/0000_40x80_73.jpg,緑茶
train_data/kao40x80/0000_40x80_74.jpg,緑茶
train_data/kao40x80/0000_40x80_75.jpg,緑茶
train_data/kao40x80/0000_40x80_76.jpg,緑茶
train_data/kao40x80/0000_40x80_77.jpg,緑茶
train_data/kao40x80/0000_40x80_78.jpg,緑茶
train_data/kao40x80/0000_40x80_79.jpg,緑茶
train_data/kao40x80/0000_40x80_80.jpg,緑茶
train_data/kao40x80/0000_40x80_81.jpg,緑茶
train_data/kao40x80/0000_40x80_82.jpg,緑茶
train_data/kao40x80/0000_40x80_83.jpg,緑茶
train_data/kao40x80/0000_40x80_84.jpg,緑茶
train_data/kao40x80/0000_40x80_85.jpg,緑茶
train_data/kao40x80/0000_40x80_86.jpg,緑茶
train_data/kao40x80/0000_40x80_87.jpg,緑茶
train_data/kao40x80/0001_40x80_0.jpg,緑茶
train_data/kao40x80/0001_40x80_1.jpg,緑茶
train_data/kao40x80/0001_40x80_2.jpg,緑茶
train_data/kao40x80/0001_40x80_3.jpg,緑茶
train_data/kao40x80/0001_40x80_4.jpg,緑茶
train_data/kao40x80/0001_40x80_5.jpg,緑茶
train_data/kao40x80/0001_40x80_6.jpg,緑茶
train_data/kao40x80/0001_40x80_7.jpg,緑茶
train_data/kao40x80/0001_40x80_8.jpg,緑茶
train_data/kao40x80/0001_40x80_9.jpg,緑茶
train_data/kao40x80/0001_40x80_10.jpg,緑茶
train_data/kao40x80/0001_40x80_11.jpg,緑茶
train_data/kao40x80/0001_40x80_12.jpg,緑茶
train_data/kao40x80/0001_40x80_13.jpg,緑茶
train_data/kao40x80/0001_40x80_14.jpg,緑茶
train_data/kao40x80/0001_40x80_15.jpg,緑茶
train_data/kao40x80/0001_40x80_16.jpg,緑茶
train_data/kao40x80/0001_40x80_17.jpg,緑茶
train_data/kao40x80/0001_40x80_18.jpg,緑茶
train_data/kao40x80/0001_40x80_19.jpg,緑茶
train_data/kao40x80/0001_40x80_20.jpg,緑茶
train_data/kao40x80/0001_40x80_21.jpg,緑茶
train_data/kao40x80/0001_40x80_22.jpg,緑茶
train_data/kao40x80/0001_40x80_23.jpg,緑茶
train_data/kao40x80/0001_40x80_24.jpg,緑茶
train_data/kao40x80/0001_40x80_25.jpg,緑茶
train_data/kao40x80/0001_40x80_26.jpg,緑茶
train_data/kao40x80/0001_40x80_27.jpg,緑茶
train_data/kao40x80/0001_40x80_28.jpg,緑茶
train_data/kao40x80/0001_40x80_29.jpg,緑茶
train_data/kao40x80/0001_40x80_30.jpg,緑茶
train_data/kao40x80/0001_40x80_31.jpg,緑茶
train_data/kao40x80/0001_40x80_32.jpg,緑茶
train_data/kao40x80/0001_40x80_33.jpg,緑茶
train_data/kao40x80/0001_40x80_34.jpg,緑茶
train_data/kao40x80/0001_40x80_35.jpg,緑茶
train_data/kao40x80/0001_40x80_36.jpg,緑茶
train_data/kao40x80/0001_40x80_37.jpg,緑茶
train_data/kao40x80/0001_40x80_38.jpg,緑茶
train_data/kao40x80/0001_40x80_39.jpg,緑茶
train_data/kao40x80/0001_40x80_40.jpg,緑茶
train_data/kao40x80/0001_40x80_41.jpg,緑茶
train_data/kao40x80/0001_40x80_42.jpg,緑茶
train_data/kao40x80/0001_40x80_43.jpg,緑茶
train_data/kao40x80/0001_40x80_44.jpg,緑茶
train_data/kao40x80/0001_40x80_45.jpg,緑茶
train_data/kao40x80/0001_40x80_46.jpg,緑茶
train_data/kao40x80/0001_40x80_47.jpg,緑茶
train_data/kao40x80/0001_40x80_48.jpg,緑茶
train_data/kao40x80/0001_40x80_49.jpg,緑茶
train_data/kao40x80/0001_40x80_50.jpg,緑茶
train_data/kao40x80/0001_40x80_51.jpg,緑茶
train_data/kao40x80/0001_40x80_52.jpg,緑茶
train_data/kao40x80/0001_40x80_53.jpg,緑茶
train_data/kao40x80/0001_40x80_54.jpg,緑茶
train_data/kao40x80/0001_40x80_55.jpg,緑茶
train_data/kao40x80/0001_40x80_56.jpg,緑茶
train_data/kao40x80/0001_40x80_57.jpg,緑茶
train_data/kao40x80/0001_40x80_58.jpg,緑茶
train_data/kao40x80/0001_40x80_59.jpg,緑茶
train_data/kao40x80/0001_40x80_60.jpg,緑茶
train_data/kao40x80/0001_40x80_61.jpg,緑茶
train_data/kao40x80/0001_40x80_62.jpg,緑茶
train_data/kao40x80/0001_40x80_63.jpg,緑茶
train_data/kao40x80/0001_40x80_64.jpg,緑茶
train_data/kao40x80/0001_40x80_65.jpg,緑茶
train_data/kao40x80/0001_40x80_66.jpg,緑茶
train_data/kao40x80/0001_40x80_67.jpg,緑茶
train_data/kao40x80/0001_40x80_68.jpg,緑茶
train_data/kao40x80/0001_40x80_69.jpg,緑茶
train_data/kao40x80/0001_40x80_70.jpg,緑茶
train_data/kao40x80/0001_40x80_71.jpg,緑茶
train_data/kao40x80/0001_40x80_72.jpg,緑茶
train_data/kao40x80/0001_40x80_73.jpg,緑茶
train_data/kao40x80/0001_40x80_74.jpg,緑茶
train_data/kao40x80/0001_40x80_75.jpg,緑茶
train_data/kao40x80/0001_40x80_76.jpg,緑茶
train_data/kao40x80/0001_40x80_77.jpg,緑茶
train_data/kao40x80/0001_40x80_78.jpg,緑茶
train_data/kao40x80/0001_40x80_79.jpg,緑茶
train_data/kao40x80/0001_40x80_80.jpg,緑茶
train_data/kao40x80/0001_40x80_81.jpg,緑茶
train_data/kao40x80/0001_40x80_82.jpg,緑茶
train_data/kao40x80/0001_40x80_83.jpg,緑茶
train_data/kao40x80/0001_40x80_84.jpg,緑茶
train_data/kao40x80/0001_40x80_85.jpg,緑茶
train_data/kao40x80/0001_40x80_86.jpg,緑茶
train_data/kao40x80/0001_40x80_87.jpg,緑茶
train_data/kao40x80/0002_40x80_0.jpg,緑茶
train_data/kao40x80/0002_40x80_1.jpg,緑茶
train_data/kao40x80/0002_40x80_2.jpg,緑茶
train_data/kao40x80/0002_40x80_3.jpg,緑茶
train_data/kao40x80/0002_40x80_4.jpg,緑茶
train_data/kao40x80/0002_40x80_5.jpg,緑茶
train_data/kao40x80/0002_40x80_6.jpg,緑茶
train_data/kao40x80/0002_40x80_7.jpg,緑茶
train_data/kao40x80/0002_40x80_8.jpg,緑茶
train_data/kao40x80/0002_40x80_9.jpg,緑茶
train_data/kao40x80/0002_40x80_10.jpg,緑茶
train_data/kao40x80/0002_40x80_11.jpg,緑茶
train_data/kao40x80/0002_40x80_12.jpg,緑茶
train_data/kao40x80/0002_40x80_13.jpg,緑茶
train_data/kao40x80/0002_40x80_14.jpg,緑茶
train_data/kao40x80/0002_40x80_15.jpg,緑茶
train_data/kao40x80/0002_40x80_16.jpg,緑茶
train_data/kao40x80/0002_40x80_17.jpg,緑茶
train_data/kao40x80/0002_40x80_18.jpg,緑茶
train_data/kao40x80/0002_40x80_19.jpg,緑茶
train_data/kao40x80/0002_40x80_20.jpg,緑茶
train_data/kao40x80/0002_40x80_21.jpg,緑茶
train_data/kao40x80/0002_40x80_22.jpg,緑茶
train_data/kao40x80/0002_40x80_23.jpg,緑茶
train_data/kao40x80/0002_40x80_24.jpg,緑茶
train_data/kao40x80/0002_40x80_25.jpg,緑茶
train_data/kao40x80/0002_40x80_26.jpg,緑茶
train_data/kao40x80/0002_40x80_27.jpg,緑茶
train_data/kao40x80/0002_40x80_28.jpg,緑茶
train_data/kao40x80/0002_40x80_29.jpg,緑茶
train_data/kao40x80/0002_40x80_30.jpg,緑茶
train_data/kao40x80/0002_40x80_31.jpg,緑茶
train_data/kao40x80/0002_40x80_32.jpg,緑茶
train_data/kao40x80/0002_40x80_33.jpg,緑茶
train_data/kao40x80/0002_40x80_34.jpg,緑茶
train_data/kao40x80/0002_40x80_35.jpg,緑茶
train_data/kao40x80/0002_40x80_36.jpg,緑茶
train_data/kao40x80/0002_40x80_37.jpg,緑茶
train_data/kao40x80/0002_40x80_38.jpg,緑茶
train_data/kao40x80/0002_40x80_39.jpg,緑茶
train_data/kao40x80/0002_40x80_40.jpg,緑茶
train_data/kao40x80/0002_40x80_41.jpg,緑茶
train_data/kao40x80/0002_40x80_42.jpg,緑茶
train_data/kao40x80/0002_40x80_43.jpg,緑茶
train_data/kao40x80/0002_40x80_44.jpg,緑茶
train_data/kao40x80/0002_40x80_45.jpg,緑茶
train_data/kao40x80/0002_40x80_46.jpg,緑茶
train_data/kao40x80/0002_40x80_47.jpg,緑茶
train_data/kao40x80/0002_40x80_48.jpg,緑茶
train_data/kao40x80/0002_40x80_49.jpg,緑茶
train_data/kao40x80/0002_40x80_50.jpg,緑茶
train_data/kao40x80/0002_40x80_51.jpg,緑茶
train_data/kao40x80/0002_40x80_52.jpg,緑茶
train_data/kao40x80/0002_40x80_53.jpg,緑茶
train_data/kao40x80/0002_40x80_54.jpg,緑茶
train_data/kao40x80/0002_40x80_55.jpg,緑茶
train_data/kao40x80/0002_40x80_56.jpg,緑茶
train_data/kao40x80/0002_40x80_57.jpg,緑茶
train_data/kao40x80/0002_40x80_58.jpg,緑茶
train_data/kao40x80/0002_40x80_59.jpg,緑茶
train_data/kao40x80/0002_40x80_60.jpg,緑茶
train_data/kao40x80/0002_40x80_61.jpg,緑茶
train_data/kao40x80/0002_40x80_62.jpg,緑茶
train_data/kao40x80/0002_40x80_63.jpg,緑茶
train_data/kao40x80/0002_40x80_64.jpg,緑茶
train_data/kao40x80/0002_40x80_65.jpg,緑茶
train_data/kao40x80/0002_40x80_66.jpg,緑茶
train_data/kao40x80/0002_40x80_67.jpg,緑茶
train_data/kao40x80/0002_40x80_68.jpg,緑茶
train_data/kao40x80/0002_40x80_69.jpg,緑茶
train_data/kao40x80/0002_40x80_70.jpg,緑茶
train_data/kao40x80/0002_40x80_71.jpg,緑茶
train_data/kao40x80/0002_40x80_72.jpg,緑茶
train_data/kao40x80/0002_40x80_73.jpg,緑茶
train_data/kao40x80/0002_40x80_74.jpg,緑茶
train_data/kao40x80/0002_40x80_75.jpg,緑茶
train_data/kao40x80/0002_40x80_76.jpg,緑茶
train_data/kao40x80/0002_40x80_77.jpg,緑茶
train_data/kao40x80/0002_40x80_78.jpg,緑茶
train_data/kao40x80/0002_40x80_79.jpg,緑茶
train_data/kao40x80/0002_40x80_80.jpg,緑茶
train_data/kao40x80/0002_40x80_81.jpg,緑茶
train_data/kao40x80/0002_40x80_82.jpg,緑茶
train_data/kao40x80/0002_40x80_83.jpg,緑茶
train_data/kao40x80/0002_40x80_84.jpg,緑茶
train_data/kao40x80/0002_40x80_85.jpg,緑茶
train_data/kao40x80/0002_40x80_86.jpg,緑茶
train_data/kao40x80/0002_40x80_87.jpg,緑茶
train_data/kao40x80/0003_40x80_0.jpg,その他お茶
train_data/kao40x80/0003_40x80_1.jpg,その他お茶
train_data/kao40x80/0003_40x80_2.jpg,その他お茶
train_data/kao40x80/0003_40x80_3.jpg,その他お茶
train_data/kao40x80/0003_40x80_4.jpg,その他お茶
train_data/kao40x80/0003_40x80_5.jpg,その他お茶
train_data/kao40x80/0003_40x80_6.jpg,その他お茶
train_data/kao40x80/0003_40x80_7.jpg,その他お茶
train_data/kao40x80/0003_40x80_8.jpg,その他お茶
train_data/kao40x80/0003_40x80_9.jpg,その他お茶
train_data/kao40x80/0003_40x80_10.jpg,その他お茶
train_data/kao40x80/0003_40x80_11.jpg,その他お茶
train_data/kao40x80/0003_40x80_12.jpg,その他お茶
train_data/kao40x80/0003_40x80_13.jpg,その他お茶
train_data/kao40x80/0003_40x80_14.jpg,その他お茶
train_data/kao40x80/0003_40x80_15.jpg,その他お茶
train_data/kao40x80/0003_40x80_16.jpg,その他お茶
train_data/kao40x80/0003_40x80_17.jpg,その他お茶
train_data/kao40x80/0003_40x80_18.jpg,その他お茶
train_data/kao40x80/0003_40x80_19.jpg,その他お茶
train_data/kao40x80/0003_40x80_20.jpg,その他お茶
train_data/kao40x80/0003_40x80_21.jpg,その他お茶
train_data/kao40x80/0003_40x80_22.jpg,その他お茶
train_data/kao40x80/0003_40x80_23.jpg,その他お茶
train_data/kao40x80/0003_40x80_24.jpg,その他お茶
train_data/kao40x80/0003_40x80_25.jpg,その他お茶
train_data/kao40x80/0003_40x80_26.jpg,その他お茶
train_data/kao40x80/0003_40x80_27.jpg,その他お茶
train_data/kao40x80/0003_40x80_28.jpg,その他お茶
train_data/kao40x80/0003_40x80_29.jpg,その他お茶
train_data/kao40x80/0003_40x80_30.jpg,その他お茶
train_data/kao40x80/0003_40x80_31.jpg,その他お茶
train_data/kao40x80/0003_40x80_32.jpg,その他お茶
train_data/kao40x80/0003_40x80_33.jpg,その他お茶
train_data/kao40x80/0003_40x80_34.jpg,その他お茶
train_data/kao40x80/0003_40x80_35.jpg,その他お茶
train_data/kao40x80/0003_40x80_36.jpg,その他お茶
train_data/kao40x80/0003_40x80_37.jpg,その他お茶
train_data/kao40x80/0003_40x80_38.jpg,その他お茶
train_data/kao40x80/0003_40x80_39.jpg,その他お茶
train_data/kao40x80/0003_40x80_40.jpg,その他お茶
train_data/kao40x80/0003_40x80_41.jpg,その他お茶
train_data/kao40x80/0003_40x80_42.jpg,その他お茶
train_data/kao40x80/0003_40x80_43.jpg,その他お茶
train_data/kao40x80/0003_40x80_44.jpg,その他お茶
train_data/kao40x80/0003_40x80_45.jpg,その他お茶
train_data/kao40x80/0003_40x80_46.jpg,その他お茶
train_data/kao40x80/0003_40x80_47.jpg,その他お茶
train_data/kao40x80/0003_40x80_48.jpg,その他お茶
train_data/kao40x80/0003_40x80_49.jpg,その他お茶
train_data/kao40x80/0003_40x80_50.jpg,その他お茶
train_data/kao40x80/0003_40x80_51.jpg,その他お茶
train_data/kao40x80/0003_40x80_52.jpg,その他お茶
train_data/kao40x80/0003_40x80_53.jpg,その他お茶
train_data/kao40x80/0003_40x80_54.jpg,その他お茶
train_data/kao40x80/0003_40x80_55.jpg,その他お茶
train_data/kao40x80/0003_40x80_56.jpg,その他お茶
train_data/kao40x80/0003_40x80_57.jpg,その他お茶
train_data/kao40x80/0003_40x80_58.jpg,その他お茶
train_data/kao40x80/0003_40x80_59.jpg,その他お茶
train_data/kao40x80/0003_40x80_60.jpg,その他お茶
train_data/kao40x80/0003_40x80_61.jpg,その他お茶
train_data/kao40x80/0003_40x80_62.jpg,その他お茶
train_data/kao40x80/0003_40x80_63.jpg,その他お茶
train_data/kao40x80/0003_40x80_64.jpg,その他お茶
train_data/kao40x80/0003_40x80_65.jpg,その他お茶
train_data/kao40x80/0003_40x80_66.jpg,その他お茶
train_data/kao40x80/0003_40x80_67.jpg,その他お茶
train_data/kao40x80/0003_40x80_68.jpg,その他お茶
train_data/kao40x80/0003_40x80_69.jpg,その他お茶
train_data/kao40x80/0003_40x80_70.jpg,その他お茶
train_data/kao40x80/0003_40x80_71.jpg,その他お茶
train_data/kao40x80/0003_40x80_72.jpg,その他お茶
train_data/kao40x80/0003_40x80_73.jpg,その他お茶
train_data/kao40x80/0003_40x80_74.jpg,その他お茶
train_data/kao40x80/0003_40x80_75.jpg,その他お茶
train_data/kao40x80/0003_40x80_76.jpg,その他お茶
train_data/kao40x80/0003_40x80_77.jpg,その他お茶
train_data/kao40x80/0003_40x80_78.jpg,その他お茶
train_data/kao40x80/0003_40x80_79.jpg,その他お茶
train_data/kao40x80/0003_40x80_80.jpg,その他お茶
train_data/kao40x80/0003_40x80_81.jpg,その他お茶
train_data/kao40x80/0003_40x80_82.jpg,その他お茶
train_data/kao40x80/0003_40x80_83.jpg,その他お茶
train_data/kao40x80/0003_40x80_84.jpg,その他お茶
train_data/kao40x80/0003_40x80_85.jpg,その他お茶
train_data/kao40x80/0003_40x80_86.jpg,その他お茶
train_data/kao40x80/0003_40x80_87.jpg,その他お茶
train_data/kao40x80/0004_40x80_0.jpg,スポーツ飲料
train_data/kao40x80/0004_40x80_1.jpg,スポーツ飲料
train_data/kao40x80/0004_40x80_2.jpg,スポーツ飲料
train_data/kao40x80/0004_40x80_3.jpg,スポーツ飲料
train_data/kao40x80/0004_40x80_4.jpg,スポーツ飲料
train_data/kao40x80/0004_40x80_5.jpg,スポーツ飲料
train_data/kao40x80/0004_40x80_6.jpg,スポーツ飲料
train_data/kao40x80/0004_40x80_7.jpg,スポーツ飲料
train_data/kao40x80/0004_40x80_8.jpg,スポーツ飲料
train_data/kao40x80/0004_40x80_9.jpg,スポーツ飲料
train_data/kao40x80/0004_40x80_10.jpg,スポーツ飲料
train_data/kao40x80/0004_40x80_11.jpg,スポーツ飲料
train_data/kao40x80/0004_40x80_12.jpg,スポーツ飲料
train_data/kao40x80/0004_40x80_13.jpg,スポーツ飲料
train_data/kao40x80/0004_40x80_14.jpg,スポーツ飲料
train_data/kao40x80/0004_40x80_15.jpg,スポーツ飲料
train_data/kao40x80/0004_40x80_16.jpg,スポーツ飲料
train_data/kao40x80/0004_40x80_17.jpg,スポーツ飲料
train_data/kao40x80/0004_40x80_18.jpg,スポーツ飲料
train_data/kao40x80/0004_40x80_19.jpg,スポーツ飲料
train_data/kao40x80/0004_40x80_20.jpg,スポーツ飲料
train_data/kao40x80/0004_40x80_21.jpg,スポーツ飲料
train_data/kao40x80/0004_40x80_22.jpg,スポーツ飲料
train_data/kao40x80/0004_40x80_23.jpg,スポーツ飲料
train_data/kao40x80/0004_40x80_24.jpg,スポーツ飲料
train_data/kao40x80/0004_40x80_25.jpg,スポーツ飲料
train_data/kao40x80/0004_40x80_26.jpg,スポーツ飲料
train_data/kao40x80/0004_40x80_27.jpg,スポーツ飲料
train_data/kao40x80/0004_40x80_28.jpg,スポーツ飲料
train_data/kao40x80/0004_40x80_29.jpg,スポーツ飲料
train_data/kao40x80/0004_40x80_30.jpg,スポーツ飲料
train_data/kao40x80/0004_40x80_31.jpg,スポーツ飲料
train_data/kao40x80/0004_40x80_32.jpg,スポーツ飲料
train_data/kao40x80/0004_40x80_33.jpg,スポーツ飲料
train_data/kao40x80/0004_40x80_34.jpg,スポーツ飲料
train_data/kao40x80/0004_40x80_35.jpg,スポーツ飲料
train_data/kao40x80/0004_40x80_36.jpg,スポーツ飲料
train_data/kao40x80/0004_40x80_37.jpg,スポーツ飲料
train_data/kao40x80/0004_40x80_38.jpg,スポーツ飲料
train_data/kao40x80/0004_40x80_39.jpg,スポーツ飲料
train_data/kao40x80/0004_40x80_40.jpg,スポーツ飲料
train_data/kao40x80/0004_40x80_41.jpg,スポーツ飲料
train_data/kao40x80/0004_40x80_42.jpg,スポーツ飲料
train_data/kao40x80/0004_40x80_43.jpg,スポーツ飲料
train_data/kao40x80/0004_40x80_44.jpg,スポーツ飲料
train_data/kao40x80/0004_40x80_45.jpg,スポーツ飲料
train_data/kao40x80/0004_40x80_46.jpg,スポーツ飲料
train_data/kao40x80/0004_40x80_47.jpg,スポーツ飲料
train_data/kao40x80/0004_40x80_48.jpg,スポーツ飲料
train_data/kao40x80/0004_40x80_49.jpg,スポーツ飲料
train_data/kao40x80/0004_40x80_50.jpg,スポーツ飲料
train_data/kao40x80/0004_40x80_51.jpg,スポーツ飲料
train_data/kao40x80/0004_40x80_52.jpg,スポーツ飲料
train_data/kao40x80/0004_40x80_53.jpg,スポーツ飲料
train_data/kao40x80/0004_40x80_54.jpg,スポーツ飲料
train_data/kao40x80/0004_40x80_55.jpg,スポーツ飲料
train_data/kao40x80/0004_40x80_56.jpg,スポーツ飲料
train_data/kao40x80/0004_40x80_57.jpg,スポーツ飲料
train_data/kao40x80/0004_40x80_58.jpg,スポーツ飲料
train_data/kao40x80/0004_40x80_59.jpg,スポーツ飲料
train_data/kao40x80/0004_40x80_60.jpg,スポーツ飲料
train_data/kao40x80/0004_40x80_61.jpg,スポーツ飲料
train_data/kao40x80/0004_40x80_62.jpg,スポーツ飲料
train_data/kao40x80/0004_40x80_63.jpg,スポーツ飲料
train_data/kao40x80/0004_40x80_64.jpg,スポーツ飲料
train_data/kao40x80/0004_40x80_65.jpg,スポーツ飲料
train_data/kao40x80/0004_40x80_66.jpg,スポーツ飲料
train_data/kao40x80/0004_40x80_67.jpg,スポーツ飲料
train_data/kao40x80/0004_40x80_68.jpg,スポーツ飲料
train_data/kao40x80/0004_40x80_69.jpg,スポーツ飲料
train_data/kao40x80/0004_40x80_70.jpg,スポーツ飲料
train_data/kao40x80/0004_40x80_71.jpg,スポーツ飲料
train_data/kao40x80/0004_40x80_72.jpg,スポーツ飲料
train_data/kao40x80/0004_40x80_73.jpg,スポーツ飲料
train_data/kao40x80/0004_40x80_74.jpg,スポーツ飲料
train_data/kao40x80/0004_40x80_75.jpg,スポーツ飲料
train_data/kao40x80/0004_40x80_76.jpg,スポーツ飲料
train_data/kao40x80/0004_40x80_77.jpg,スポーツ飲料
train_data/kao40x80/0004_40x80_78.jpg,スポーツ飲料
train_data/kao40x80/0004_40x80_79.jpg,スポーツ飲料
train_data/kao40x80/0004_40x80_80.jpg,スポーツ飲料
train_data/kao40x80/0004_40x80_81.jpg,スポーツ飲料
train_data/kao40x80/0004_40x80_82.jpg,スポーツ飲料
train_data/kao40x80/0004_40x80_83.jpg,スポーツ飲料
train_data/kao40x80/0004_40x80_84.jpg,スポーツ飲料
train_data/kao40x80/0004_40x80_85.jpg,スポーツ飲料
train_data/kao40x80/0004_40x80_86.jpg,スポーツ飲料
train_data/kao40x80/0004_40x80_87.jpg,スポーツ飲料
train_data/kao40x80/0005_40x80_0.jpg,炭酸飲料
train_data/kao40x80/0005_40x80_1.jpg,炭酸飲料
train_data/kao40x80/0005_40x80_2.jpg,炭酸飲料
train_data/kao40x80/0005_40x80_3.jpg,炭酸飲料
train_data/kao40x80/0005_40x80_4.jpg,炭酸飲料
train_data/kao40x80/0005_40x80_5.jpg,炭酸飲料
train_data/kao40x80/0005_40x80_6.jpg,炭酸飲料
train_data/kao40x80/0005_40x80_7.jpg,炭酸飲料
train_data/kao40x80/0005_40x80_8.jpg,炭酸飲料
train_data/kao40x80/0005_40x80_9.jpg,炭酸飲料
train_data/kao40x80/0005_40x80_10.jpg,炭酸飲料
train_data/kao40x80/0005_40x80_11.jpg,炭酸飲料
train_data/kao40x80/0005_40x80_12.jpg,炭酸飲料
train_data/kao40x80/0005_40x80_13.jpg,炭酸飲料
train_data/kao40x80/0005_40x80_14.jpg,炭酸飲料
train_data/kao40x80/0005_40x80_15.jpg,炭酸飲料
train_data/kao40x80/0005_40x80_16.jpg,炭酸飲料
train_data/kao40x80/0005_40x80_17.jpg,炭酸飲料
train_data/kao40x80/0005_40x80_18.jpg,炭酸飲料
train_data/kao40x80/0005_40x80_19.jpg,炭酸飲料
train_data/kao40x80/0005_40x80_20.jpg,炭酸飲料
train_data/kao40x80/0005_40x80_21.jpg,炭酸飲料
train_data/kao40x80/0005_40x80_22.jpg,炭酸飲料
train_data/kao40x80/0005_40x80_23.jpg,炭酸飲料
train_data/kao40x80/0005_40x80_24.jpg,炭酸飲料
train_data/kao40x80/0005_40x80_25.jpg,炭酸飲料
train_data/kao40x80/0005_40x80_26.jpg,炭酸飲料
train_data/kao40x80/0005_40x80_27.jpg,炭酸飲料
train_data/kao40x80/0005_40x80_28.jpg,炭酸飲料
train_data/kao40x80/0005_40x80_29.jpg,炭酸飲料
train_data/kao40x80/0005_40x80_30.jpg,炭酸飲料
train_data/kao40x80/0005_40x80_31.jpg,炭酸飲料
train_data/kao40x80/0005_40x80_32.jpg,炭酸飲料
train_data/kao40x80/0005_40x80_33.jpg,炭酸飲料
train_data/kao40x80/0005_40x80_34.jpg,炭酸飲料
train_data/kao40x80/0005_40x80_35.jpg,炭酸飲料
train_data/kao40x80/0005_40x80_36.jpg,炭酸飲料
train_data/kao40x80/0005_40x80_37.jpg,炭酸飲料
train_data/kao40x80/0005_40x80_38.jpg,炭酸飲料
train_data/kao40x80/0005_40x80_39.jpg,炭酸飲料
train_data/kao40x80/0005_40x80_40.jpg,炭酸飲料
train_data/kao40x80/0005_40x80_41.jpg,炭酸飲料
train_data/kao40x80/0005_40x80_42.jpg,炭酸飲料
train_data/kao40x80/0005_40x80_43.jpg,炭酸飲料
train_data/kao40x80/0005_40x80_44.jpg,炭酸飲料
train_data/kao40x80/0005_40x80_45.jpg,炭酸飲料
train_data/kao40x80/0005_40x80_46.jpg,炭酸飲料
train_data/kao40x80/0005_40x80_47.jpg,炭酸飲料
train_data/kao40x80/0005_40x80_48.jpg,炭酸飲料
train_data/kao40x80/0005_40x80_49.jpg,炭酸飲料
train_data/kao40x80/0005_40x80_50.jpg,炭酸飲料
train_data/kao40x80/0005_40x80_51.jpg,炭酸飲料
train_data/kao40x80/0005_40x80_52.jpg,炭酸飲料
train_data/kao40x80/0005_40x80_53.jpg,炭酸飲料
train_data/kao40x80/0005_40x80_54.jpg,炭酸飲料
train_data/kao40x80/0005_40x80_55.jpg,炭酸飲料
train_data/kao40x80/0005_40x80_56.jpg,炭酸飲料
train_data/kao40x80/0005_40x80_57.jpg,炭酸飲料
train_data/kao40x80/0005_40x80_58.jpg,炭酸飲料
train_data/kao40x80/0005_40x80_59.jpg,炭酸飲料
train_data/kao40x80/0005_40x80_60.jpg,炭酸飲料
train_data/kao40x80/0005_40x80_61.jpg,炭酸飲料
train_data/kao40x80/0005_40x80_62.jpg,炭酸飲料
train_data/kao40x80/0005_40x80_63.jpg,炭酸飲料
train_data/kao40x80/0005_40x80_64.jpg,炭酸飲料
train_data/kao40x80/0005_40x80_65.jpg,炭酸飲料
train_data/kao40x80/0005_40x80_66.jpg,炭酸飲料
train_data/kao40x80/0005_40x80_67.jpg,炭酸飲料
train_data/kao40x80/0005_40x80_68.jpg,炭酸飲料
train_data/kao40x80/0005_40x80_69.jpg,炭酸飲料
train_data/kao40x80/0005_40x80_70.jpg,炭酸飲料
train_data/kao40x80/0005_40x80_71.jpg,炭酸飲料
train_data/kao40x80/0005_40x80_72.jpg,炭酸飲料
train_data/kao40x80/0005_40x80_73.jpg,炭酸飲料
train_data/kao40x80/0005_40x80_74.jpg,炭酸飲料
train_data/kao40x80/0005_40x80_75.jpg,炭酸飲料
train_data/kao40x80/0005_40x80_76.jpg,炭酸飲料
train_data/kao40x80/0005_40x80_77.jpg,炭酸飲料
train_data/kao40x80/0005_40x80_78.jpg,炭酸飲料
train_data/kao40x80/0005_40x80_79.jpg,炭酸飲料
train_data/kao40x80/0005_40x80_80.jpg,炭酸飲料
train_data/kao40x80/0005_40x80_81.jpg,炭酸飲料
train_data/kao40x80/0005_40x80_82.jpg,炭酸飲料
train_data/kao40x80/0005_40x80_83.jpg,炭酸飲料
train_data/kao40x80/0005_40x80_84.jpg,炭酸飲料
train_data/kao40x80/0005_40x80_85.jpg,炭酸飲料
train_data/kao40x80/0005_40x80_86.jpg,炭酸飲料
train_data/kao40x80/0005_40x80_87.jpg,炭酸飲料
train_data/kao40x80/0006_40x80_0.jpg,炭酸飲料
train_data/kao40x80/0006_40x80_1.jpg,炭酸飲料
train_data/kao40x80/0006_40x80_2.jpg,炭酸飲料
train_data/kao40x80/0006_40x80_3.jpg,炭酸飲料
train_data/kao40x80/0006_40x80_4.jpg,炭酸飲料
train_data/kao40x80/0006_40x80_5.jpg,炭酸飲料
train_data/kao40x80/0006_40x80_6.jpg,炭酸飲料
train_data/kao40x80/0006_40x80_7.jpg,炭酸飲料
train_data/kao40x80/0006_40x80_8.jpg,炭酸飲料
train_data/kao40x80/0006_40x80_9.jpg,炭酸飲料
train_data/kao40x80/0006_40x80_10.jpg,炭酸飲料
train_data/kao40x80/0006_40x80_11.jpg,炭酸飲料
train_data/kao40x80/0006_40x80_12.jpg,炭酸飲料
train_data/kao40x80/0006_40x80_13.jpg,炭酸飲料
train_data/kao40x80/0006_40x80_14.jpg,炭酸飲料
train_data/kao40x80/0006_40x80_15.jpg,炭酸飲料
train_data/kao40x80/0006_40x80_16.jpg,炭酸飲料
train_data/kao40x80/0006_40x80_17.jpg,炭酸飲料
train_data/kao40x80/0006_40x80_18.jpg,炭酸飲料
train_data/kao40x80/0006_40x80_19.jpg,炭酸飲料
train_data/kao40x80/0006_40x80_20.jpg,炭酸飲料
train_data/kao40x80/0006_40x80_21.jpg,炭酸飲料
train_data/kao40x80/0006_40x80_22.jpg,炭酸飲料
train_data/kao40x80/0006_40x80_23.jpg,炭酸飲料
train_data/kao40x80/0006_40x80_24.jpg,炭酸飲料
train_data/kao40x80/0006_40x80_25.jpg,炭酸飲料
train_data/kao40x80/0006_40x80_26.jpg,炭酸飲料
train_data/kao40x80/0006_40x80_27.jpg,炭酸飲料
train_data/kao40x80/0006_40x80_28.jpg,炭酸飲料
train_data/kao40x80/0006_40x80_29.jpg,炭酸飲料
train_data/kao40x80/0006_40x80_30.jpg,炭酸飲料
train_data/kao40x80/0006_40x80_31.jpg,炭酸飲料
train_data/kao40x80/0006_40x80_32.jpg,炭酸飲料
train_data/kao40x80/0006_40x80_33.jpg,炭酸飲料
train_data/kao40x80/0006_40x80_34.jpg,炭酸飲料
train_data/kao40x80/0006_40x80_35.jpg,炭酸飲料
train_data/kao40x80/0006_40x80_36.jpg,炭酸飲料
train_data/kao40x80/0006_40x80_37.jpg,炭酸飲料
train_data/kao40x80/0006_40x80_38.jpg,炭酸飲料
train_data/kao40x80/0006_40x80_39.jpg,炭酸飲料
train_data/kao40x80/0006_40x80_40.jpg,炭酸飲料
train_data/kao40x80/0006_40x80_41.jpg,炭酸飲料
train_data/kao40x80/0006_40x80_42.jpg,炭酸飲料
train_data/kao40x80/0006_40x80_43.jpg,炭酸飲料
train_data/kao40x80/0006_40x80_44.jpg,炭酸飲料
train_data/kao40x80/0006_40x80_45.jpg,炭酸飲料
train_data/kao40x80/0006_40x80_46.jpg,炭酸飲料
train_data/kao40x80/0006_40x80_47.jpg,炭酸飲料
train_data/kao40x80/0006_40x80_48.jpg,炭酸飲料
train_data/kao40x80/0006_40x80_49.jpg,炭酸飲料
train_data/kao40x80/0006_40x80_50.jpg,炭酸飲料
train_data/kao40x80/0006_40x80_51.jpg,炭酸飲料
train_data/kao40x80/0006_40x80_52.jpg,炭酸飲料
train_data/kao40x80/0006_40x80_53.jpg,炭酸飲料
train_data/kao40x80/0006_40x80_54.jpg,炭酸飲料
train_data/kao40x80/0006_40x80_55.jpg,炭酸飲料
train_data/kao40x80/0006_40x80_56.jpg,炭酸飲料
train_data/kao40x80/0006_40x80_57.jpg,炭酸飲料
train_data/kao40x80/0006_40x80_58.jpg,炭酸飲料
train_data/kao40x80/0006_40x80_59.jpg,炭酸飲料
train_data/kao40x80/0006_40x80_60.jpg,炭酸飲料
train_data/kao40x80/0006_40x80_61.jpg,炭酸飲料
train_data/kao40x80/0006_40x80_62.jpg,炭酸飲料
train_data/kao40x80/0006_40x80_63.jpg,炭酸飲料
train_data/kao40x80/0006_40x80_64.jpg,炭酸飲料
train_data/kao40x80/0006_40x80_65.jpg,炭酸飲料
train_data/kao40x80/0006_40x80_66.jpg,炭酸飲料
train_data/kao40x80/0006_40x80_67.jpg,炭酸飲料
train_data/kao40x80/0006_40x80_68.jpg,炭酸飲料
train_data/kao40x80/0006_40x80_69.jpg,炭酸飲料
train_data/kao40x80/0006_40x80_70.jpg,炭酸飲料
train_data/kao40x80/0006_40x80_71.jpg,炭酸飲料
train_data/kao40x80/0006_40x80_72.jpg,炭酸飲料
train_data/kao40x80/0006_40x80_73.jpg,炭酸飲料
train_data/kao40x80/0006_40x80_74.jpg,炭酸飲料
train_data/kao40x80/0006_40x80_75.jpg,炭酸飲料
train_data/kao40x80/0006_40x80_76.jpg,炭酸飲料
train_data/kao40x80/0006_40x80_77.jpg,炭酸飲料
train_data/kao40x80/0006_40x80_78.jpg,炭酸飲料
train_data/kao40x80/0006_40x80_79.jpg,炭酸飲料
train_data/kao40x80/0006_40x80_80.jpg,炭酸飲料
train_data/kao40x80/0006_40x80_81.jpg,炭酸飲料
train_data/kao40x80/0006_40x80_82.jpg,炭酸飲料
train_data/kao40x80/0006_40x80_83.jpg,炭酸飲料
train_data/kao40x80/0006_40x80_84.jpg,炭酸飲料
train_data/kao40x80/0006_40x80_85.jpg,炭酸飲料
train_data/kao40x80/0006_40x80_86.jpg,炭酸飲料
train_data/kao40x80/0006_40x80_87.jpg,炭酸飲料
train_data/kao40x80/0007_40x80_0.jpg,炭酸飲料
train_data/kao40x80/0007_40x80_1.jpg,炭酸飲料
train_data/kao40x80/0007_40x80_2.jpg,炭酸飲料
train_data/kao40x80/0007_40x80_3.jpg,炭酸飲料
train_data/kao40x80/0007_40x80_4.jpg,炭酸飲料
train_data/kao40x80/0007_40x80_5.jpg,炭酸飲料
train_data/kao40x80/0007_40x80_6.jpg,炭酸飲料
train_data/kao40x80/0007_40x80_7.jpg,炭酸飲料
train_data/kao40x80/0007_40x80_8.jpg,炭酸飲料
train_data/kao40x80/0007_40x80_9.jpg,炭酸飲料
train_data/kao40x80/0007_40x80_10.jpg,炭酸飲料
train_data/kao40x80/0007_40x80_11.jpg,炭酸飲料
train_data/kao40x80/0007_40x80_12.jpg,炭酸飲料
train_data/kao40x80/0007_40x80_13.jpg,炭酸飲料
train_data/kao40x80/0007_40x80_14.jpg,炭酸飲料
train_data/kao40x80/0007_40x80_15.jpg,炭酸飲料
train_data/kao40x80/0007_40x80_16.jpg,炭酸飲料
train_data/kao40x80/0007_40x80_17.jpg,炭酸飲料
train_data/kao40x80/0007_40x80_18.jpg,炭酸飲料
train_data/kao40x80/0007_40x80_19.jpg,炭酸飲料
train_data/kao40x80/0007_40x80_20.jpg,炭酸飲料
train_data/kao40x80/0007_40x80_21.jpg,炭酸飲料
train_data/kao40x80/0007_40x80_22.jpg,炭酸飲料
train_data/kao40x80/0007_40x80_23.jpg,炭酸飲料
train_data/kao40x80/0007_40x80_24.jpg,炭酸飲料
train_data/kao40x80/0007_40x80_25.jpg,炭酸飲料
train_data/kao40x80/0007_40x80_26.jpg,炭酸飲料
train_data/kao40x80/0007_40x80_27.jpg,炭酸飲料
train_data/kao40x80/0007_40x80_28.jpg,炭酸飲料
train_data/kao40x80/0007_40x80_29.jpg,炭酸飲料
train_data/kao40x80/0007_40x80_30.jpg,炭酸飲料
train_data/kao40x80/0007_40x80_31.jpg,炭酸飲料
train_data/kao40x80/0007_40x80_32.jpg,炭酸飲料
train_data/kao40x80/0007_40x80_33.jpg,炭酸飲料
train_data/kao40x80/0007_40x80_34.jpg,炭酸飲料
train_data/kao40x80/0007_40x80_35.jpg,炭酸飲料
train_data/kao40x80/0007_40x80_36.jpg,炭酸飲料
train_data/kao40x80/0007_40x80_37.jpg,炭酸飲料
train_data/kao40x80/0007_40x80_38.jpg,炭酸飲料
train_data/kao40x80/0007_40x80_39.jpg,炭酸飲料
train_data/kao40x80/0007_40x80_40.jpg,炭酸飲料
train_data/kao40x80/0007_40x80_41.jpg,炭酸飲料
train_data/kao40x80/0007_40x80_42.jpg,炭酸飲料
train_data/kao40x80/0007_40x80_43.jpg,炭酸飲料
train_data/kao40x80/0007_40x80_44.jpg,炭酸飲料
train_data/kao40x80/0007_40x80_45.jpg,炭酸飲料
train_data/kao40x80/0007_40x80_46.jpg,炭酸飲料
train_data/kao40x80/0007_40x80_47.jpg,炭酸飲料
train_data/kao40x80/0007_40x80_48.jpg,炭酸飲料
train_data/kao40x80/0007_40x80_49.jpg,炭酸飲料
train_data/kao40x80/0007_40x80_50.jpg,炭酸飲料
train_data/kao40x80/0007_40x80_51.jpg,炭酸飲料
train_data/kao40x80/0007_40x80_52.jpg,炭酸飲料
train_data/kao40x80/0007_40x80_53.jpg,炭酸飲料
train_data/kao40x80/0007_40x80_54.jpg,炭酸飲料
train_data/kao40x80/0007_40x80_55.jpg,炭酸飲料
train_data/kao40x80/0007_40x80_56.jpg,炭酸飲料
train_data/kao40x80/0007_40x80_57.jpg,炭酸飲料
train_data/kao40x80/0007_40x80_58.jpg,炭酸飲料
train_data/kao40x80/0007_40x80_59.jpg,炭酸飲料
train_data/kao40x80/0007_40x80_60.jpg,炭酸飲料
train_data/kao40x80/0007_40x80_61.jpg,炭酸飲料
train_data/kao40x80/0007_40x80_62.jpg,炭酸飲料
train_data/kao40x80/0007_40x80_63.jpg,炭酸飲料
train_data/kao40x80/0007_40x80_64.jpg,炭酸飲料
train_data/kao40x80/0007_40x80_65.jpg,炭酸飲料
train_data/kao40x80/0007_40x80_66.jpg,炭酸飲料
train_data/kao40x80/0007_40x80_67.jpg,炭酸飲料
train_data/kao40x80/0007_40x80_68.jpg,炭酸飲料
train_data/kao40x80/0007_40x80_69.jpg,炭酸飲料
train_data/kao40x80/0007_40x80_70.jpg,炭酸飲料
train_data/kao40x80/0007_40x80_71.jpg,炭酸飲料
train_data/kao40x80/0007_40x80_72.jpg,炭酸飲料
train_data/kao40x80/0007_40x80_73.jpg,炭酸飲料
train_data/kao40x80/0007_40x80_74.jpg,炭酸飲料
train_data/kao40x80/0007_40x80_75.jpg,炭酸飲料
train_data/kao40x80/0007_40x80_76.jpg,炭酸飲料
train_data/kao40x80/0007_40x80_77.jpg,炭酸飲料
train_data/kao40x80/0007_40x80_78.jpg,炭酸飲料
train_data/kao40x80/0007_40x80_79.jpg,炭酸飲料
train_data/kao40x80/0007_40x80_80.jpg,炭酸飲料
train_data/kao40x80/0007_40x80_81.jpg,炭酸飲料
train_data/kao40x80/0007_40x80_82.jpg,炭酸飲料
train_data/kao40x80/0007_40x80_83.jpg,炭酸飲料
train_data/kao40x80/0007_40x80_84.jpg,炭酸飲料
train_data/kao40x80/0007_40x80_85.jpg,炭酸飲料
train_data/kao40x80/0007_40x80_86.jpg,炭酸飲料
train_data/kao40x80/0007_40x80_87.jpg,炭酸飲料
