train_data/otsuka40x80/0004_40x80_0.jpg,スポーツ飲料
train_data/otsuka40x80/0004_40x80_1.jpg,スポーツ飲料
train_data/otsuka40x80/0004_40x80_2.jpg,スポーツ飲料
train_data/otsuka40x80/0004_40x80_3.jpg,スポーツ飲料
train_data/otsuka40x80/0004_40x80_4.jpg,スポーツ飲料
train_data/otsuka40x80/0004_40x80_5.jpg,スポーツ飲料
train_data/otsuka40x80/0004_40x80_6.jpg,スポーツ飲料
train_data/otsuka40x80/0004_40x80_7.jpg,スポーツ飲料
train_data/otsuka40x80/0004_40x80_8.jpg,スポーツ飲料
train_data/otsuka40x80/0004_40x80_9.jpg,スポーツ飲料
train_data/otsuka40x80/0004_40x80_10.jpg,スポーツ飲料
train_data/otsuka40x80/0004_40x80_11.jpg,スポーツ飲料
train_data/otsuka40x80/0004_40x80_12.jpg,スポーツ飲料
train_data/otsuka40x80/0004_40x80_13.jpg,スポーツ飲料
train_data/otsuka40x80/0004_40x80_14.jpg,スポーツ飲料
train_data/otsuka40x80/0004_40x80_15.jpg,スポーツ飲料
train_data/otsuka40x80/0004_40x80_16.jpg,スポーツ飲料
train_data/otsuka40x80/0004_40x80_17.jpg,スポーツ飲料
train_data/otsuka40x80/0004_40x80_18.jpg,スポーツ飲料
train_data/otsuka40x80/0004_40x80_19.jpg,スポーツ飲料
train_data/otsuka40x80/0004_40x80_20.jpg,スポーツ飲料
train_data/otsuka40x80/0004_40x80_21.jpg,スポーツ飲料
train_data/otsuka40x80/0004_40x80_22.jpg,スポーツ飲料
train_data/otsuka40x80/0004_40x80_23.jpg,スポーツ飲料
train_data/otsuka40x80/0004_40x80_24.jpg,スポーツ飲料
train_data/otsuka40x80/0004_40x80_25.jpg,スポーツ飲料
train_data/otsuka40x80/0004_40x80_26.jpg,スポーツ飲料
train_data/otsuka40x80/0004_40x80_27.jpg,スポーツ飲料
train_data/otsuka40x80/0004_40x80_28.jpg,スポーツ飲料
train_data/otsuka40x80/0004_40x80_29.jpg,スポーツ飲料
train_data/otsuka40x80/0004_40x80_30.jpg,スポーツ飲料
train_data/otsuka40x80/0004_40x80_31.jpg,スポーツ飲料
train_data/otsuka40x80/0004_40x80_32.jpg,スポーツ飲料
train_data/otsuka40x80/0004_40x80_33.jpg,スポーツ飲料
train_data/otsuka40x80/0004_40x80_34.jpg,スポーツ飲料
train_data/otsuka40x80/0004_40x80_35.jpg,スポーツ飲料
train_data/otsuka40x80/0004_40x80_36.jpg,スポーツ飲料
train_data/otsuka40x80/0004_40x80_37.jpg,スポーツ飲料
train_data/otsuka40x80/0004_40x80_38.jpg,スポーツ飲料
train_data/otsuka40x80/0004_40x80_39.jpg,スポーツ飲料
train_data/otsuka40x80/0004_40x80_40.jpg,スポーツ飲料
train_data/otsuka40x80/0004_40x80_41.jpg,スポーツ飲料
train_data/otsuka40x80/0004_40x80_42.jpg,スポーツ飲料
train_data/otsuka40x80/0004_40x80_43.jpg,スポーツ飲料
train_data/otsuka40x80/0004_40x80_44.jpg,スポーツ飲料
train_data/otsuka40x80/0004_40x80_45.jpg,スポーツ飲料
train_data/otsuka40x80/0004_40x80_46.jpg,スポーツ飲料
train_data/otsuka40x80/0004_40x80_47.jpg,スポーツ飲料
train_data/otsuka40x80/0004_40x80_48.jpg,スポーツ飲料
train_data/otsuka40x80/0004_40x80_49.jpg,スポーツ飲料
train_data/otsuka40x80/0004_40x80_50.jpg,スポーツ飲料
train_data/otsuka40x80/0004_40x80_51.jpg,スポーツ飲料
train_data/otsuka40x80/0004_40x80_52.jpg,スポーツ飲料
train_data/otsuka40x80/0004_40x80_53.jpg,スポーツ飲料
train_data/otsuka40x80/0004_40x80_54.jpg,スポーツ飲料
train_data/otsuka40x80/0004_40x80_55.jpg,スポーツ飲料
train_data/otsuka40x80/0004_40x80_56.jpg,スポーツ飲料
train_data/otsuka40x80/0004_40x80_57.jpg,スポーツ飲料
train_data/otsuka40x80/0004_40x80_58.jpg,スポーツ飲料
train_data/otsuka40x80/0004_40x80_59.jpg,スポーツ飲料
train_data/otsuka40x80/0004_40x80_60.jpg,スポーツ飲料
train_data/otsuka40x80/0004_40x80_61.jpg,スポーツ飲料
train_data/otsuka40x80/0004_40x80_62.jpg,スポーツ飲料
train_data/otsuka40x80/0004_40x80_63.jpg,スポーツ飲料
train_data/otsuka40x80/0004_40x80_64.jpg,スポーツ飲料
train_data/otsuka40x80/0004_40x80_65.jpg,スポーツ飲料
train_data/otsuka40x80/0004_40x80_66.jpg,スポーツ飲料
train_data/otsuka40x80/0004_40x80_67.jpg,スポーツ飲料
train_data/otsuka40x80/0004_40x80_68.jpg,スポーツ飲料
train_data/otsuka40x80/0004_40x80_69.jpg,スポーツ飲料
train_data/otsuka40x80/0004_40x80_70.jpg,スポーツ飲料
train_data/otsuka40x80/0004_40x80_71.jpg,スポーツ飲料
train_data/otsuka40x80/0004_40x80_72.jpg,スポーツ飲料
train_data/otsuka40x80/0004_40x80_73.jpg,スポーツ飲料
train_data/otsuka40x80/0004_40x80_74.jpg,スポーツ飲料
train_data/otsuka40x80/0004_40x80_75.jpg,スポーツ飲料
train_data/otsuka40x80/0004_40x80_76.jpg,スポーツ飲料
train_data/otsuka40x80/0004_40x80_77.jpg,スポーツ飲料
train_data/otsuka40x80/0004_40x80_78.jpg,スポーツ飲料
train_data/otsuka40x80/0004_40x80_79.jpg,スポーツ飲料
train_data/otsuka40x80/0004_40x80_80.jpg,スポーツ飲料
train_data/otsuka40x80/0004_40x80_81.jpg,スポーツ飲料
train_data/otsuka40x80/0004_40x80_82.jpg,スポーツ飲料
train_data/otsuka40x80/0004_40x80_83.jpg,スポーツ飲料
train_data/otsuka40x80/0004_40x80_84.jpg,スポーツ飲料
train_data/otsuka40x80/0004_40x80_85.jpg,スポーツ飲料
train_data/otsuka40x80/0004_40x80_86.jpg,スポーツ飲料
train_data/otsuka40x80/0004_40x80_87.jpg,スポーツ飲料
train_data/otsuka40x80/0000_40x80_0.jpg,スポーツ飲料
train_data/otsuka40x80/0000_40x80_1.jpg,スポーツ飲料
train_data/otsuka40x80/0000_40x80_2.jpg,スポーツ飲料
train_data/otsuka40x80/0000_40x80_3.jpg,スポーツ飲料
train_data/otsuka40x80/0000_40x80_4.jpg,スポーツ飲料
train_data/otsuka40x80/0000_40x80_5.jpg,スポーツ飲料
train_data/otsuka40x80/0000_40x80_6.jpg,スポーツ飲料
train_data/otsuka40x80/0000_40x80_7.jpg,スポーツ飲料
train_data/otsuka40x80/0000_40x80_8.jpg,スポーツ飲料
train_data/otsuka40x80/0000_40x80_9.jpg,スポーツ飲料
train_data/otsuka40x80/0000_40x80_10.jpg,スポーツ飲料
train_data/otsuka40x80/0000_40x80_11.jpg,スポーツ飲料
train_data/otsuka40x80/0000_40x80_12.jpg,スポーツ飲料
train_data/otsuka40x80/0000_40x80_13.jpg,スポーツ飲料
train_data/otsuka40x80/0000_40x80_14.jpg,スポーツ飲料
train_data/otsuka40x80/0000_40x80_15.jpg,スポーツ飲料
train_data/otsuka40x80/0000_40x80_16.jpg,スポーツ飲料
train_data/otsuka40x80/0000_40x80_17.jpg,スポーツ飲料
train_data/otsuka40x80/0000_40x80_18.jpg,スポーツ飲料
train_data/otsuka40x80/0000_40x80_19.jpg,スポーツ飲料
train_data/otsuka40x80/0000_40x80_20.jpg,スポーツ飲料
train_data/otsuka40x80/0000_40x80_21.jpg,スポーツ飲料
train_data/otsuka40x80/0000_40x80_22.jpg,スポーツ飲料
train_data/otsuka40x80/0000_40x80_23.jpg,スポーツ飲料
train_data/otsuka40x80/0000_40x80_24.jpg,スポーツ飲料
train_data/otsuka40x80/0000_40x80_25.jpg,スポーツ飲料
train_data/otsuka40x80/0000_40x80_26.jpg,スポーツ飲料
train_data/otsuka40x80/0000_40x80_27.jpg,スポーツ飲料
train_data/otsuka40x80/0000_40x80_28.jpg,スポーツ飲料
train_data/otsuka40x80/0000_40x80_29.jpg,スポーツ飲料
train_data/otsuka40x80/0000_40x80_30.jpg,スポーツ飲料
train_data/otsuka40x80/0000_40x80_31.jpg,スポーツ飲料
train_data/otsuka40x80/0000_40x80_32.jpg,スポーツ飲料
train_data/otsuka40x80/0000_40x80_33.jpg,スポーツ飲料
train_data/otsuka40x80/0000_40x80_34.jpg,スポーツ飲料
train_data/otsuka40x80/0000_40x80_35.jpg,スポーツ飲料
train_data/otsuka40x80/0000_40x80_36.jpg,スポーツ飲料
train_data/otsuka40x80/0000_40x80_37.jpg,スポーツ飲料
train_data/otsuka40x80/0000_40x80_38.jpg,スポーツ飲料
train_data/otsuka40x80/0000_40x80_39.jpg,スポーツ飲料
train_data/otsuka40x80/0000_40x80_40.jpg,スポーツ飲料
train_data/otsuka40x80/0000_40x80_41.jpg,スポーツ飲料
train_data/otsuka40x80/0000_40x80_42.jpg,スポーツ飲料
train_data/otsuka40x80/0000_40x80_43.jpg,スポーツ飲料
train_data/otsuka40x80/0000_40x80_44.jpg,スポーツ飲料
train_data/otsuka40x80/0000_40x80_45.jpg,スポーツ飲料
train_data/otsuka40x80/0000_40x80_46.jpg,スポーツ飲料
train_data/otsuka40x80/0000_40x80_47.jpg,スポーツ飲料
train_data/otsuka40x80/0000_40x80_48.jpg,スポーツ飲料
train_data/otsuka40x80/0000_40x80_49.jpg,スポーツ飲料
train_data/otsuka40x80/0000_40x80_50.jpg,スポーツ飲料
train_data/otsuka40x80/0000_40x80_51.jpg,スポーツ飲料
train_data/otsuka40x80/0000_40x80_52.jpg,スポーツ飲料
train_data/otsuka40x80/0000_40x80_53.jpg,スポーツ飲料
train_data/otsuka40x80/0000_40x80_54.jpg,スポーツ飲料
train_data/otsuka40x80/0000_40x80_55.jpg,スポーツ飲料
train_data/otsuka40x80/0000_40x80_56.jpg,スポーツ飲料
train_data/otsuka40x80/0000_40x80_57.jpg,スポーツ飲料
train_data/otsuka40x80/0000_40x80_58.jpg,スポーツ飲料
train_data/otsuka40x80/0000_40x80_59.jpg,スポーツ飲料
train_data/otsuka40x80/0000_40x80_60.jpg,スポーツ飲料
train_data/otsuka40x80/0000_40x80_61.jpg,スポーツ飲料
train_data/otsuka40x80/0000_40x80_62.jpg,スポーツ飲料
train_data/otsuka40x80/0000_40x80_63.jpg,スポーツ飲料
train_data/otsuka40x80/0000_40x80_64.jpg,スポーツ飲料
train_data/otsuka40x80/0000_40x80_65.jpg,スポーツ飲料
train_data/otsuka40x80/0000_40x80_66.jpg,スポーツ飲料
train_data/otsuka40x80/0000_40x80_67.jpg,スポーツ飲料
train_data/otsuka40x80/0000_40x80_68.jpg,スポーツ飲料
train_data/otsuka40x80/0000_40x80_69.jpg,スポーツ飲料
train_data/otsuka40x80/0000_40x80_70.jpg,スポーツ飲料
train_data/otsuka40x80/0000_40x80_71.jpg,スポーツ飲料
train_data/otsuka40x80/0000_40x80_72.jpg,スポーツ飲料
train_data/otsuka40x80/0000_40x80_73.jpg,スポーツ飲料
train_data/otsuka40x80/0000_40x80_74.jpg,スポーツ飲料
train_data/otsuka40x80/0000_40x80_75.jpg,スポーツ飲料
train_data/otsuka40x80/0000_40x80_76.jpg,スポーツ飲料
train_data/otsuka40x80/0000_40x80_77.jpg,スポーツ飲料
train_data/otsuka40x80/0000_40x80_78.jpg,スポーツ飲料
train_data/otsuka40x80/0000_40x80_79.jpg,スポーツ飲料
train_data/otsuka40x80/0000_40x80_80.jpg,スポーツ飲料
train_data/otsuka40x80/0000_40x80_81.jpg,スポーツ飲料
train_data/otsuka40x80/0000_40x80_82.jpg,スポーツ飲料
train_data/otsuka40x80/0000_40x80_83.jpg,スポーツ飲料
train_data/otsuka40x80/0000_40x80_84.jpg,スポーツ飲料
train_data/otsuka40x80/0000_40x80_85.jpg,スポーツ飲料
train_data/otsuka40x80/0000_40x80_86.jpg,スポーツ飲料
train_data/otsuka40x80/0000_40x80_87.jpg,スポーツ飲料
train_data/otsuka40x80/0003_40x80_0.jpg,スポーツ飲料
train_data/otsuka40x80/0003_40x80_1.jpg,スポーツ飲料
train_data/otsuka40x80/0003_40x80_2.jpg,スポーツ飲料
train_data/otsuka40x80/0003_40x80_3.jpg,スポーツ飲料
train_data/otsuka40x80/0003_40x80_4.jpg,スポーツ飲料
train_data/otsuka40x80/0003_40x80_5.jpg,スポーツ飲料
train_data/otsuka40x80/0003_40x80_6.jpg,スポーツ飲料
train_data/otsuka40x80/0003_40x80_7.jpg,スポーツ飲料
train_data/otsuka40x80/0003_40x80_8.jpg,スポーツ飲料
train_data/otsuka40x80/0003_40x80_9.jpg,スポーツ飲料
train_data/otsuka40x80/0003_40x80_10.jpg,スポーツ飲料
train_data/otsuka40x80/0003_40x80_11.jpg,スポーツ飲料
train_data/otsuka40x80/0003_40x80_12.jpg,スポーツ飲料
train_data/otsuka40x80/0003_40x80_13.jpg,スポーツ飲料
train_data/otsuka40x80/0003_40x80_14.jpg,スポーツ飲料
train_data/otsuka40x80/0003_40x80_15.jpg,スポーツ飲料
train_data/otsuka40x80/0003_40x80_16.jpg,スポーツ飲料
train_data/otsuka40x80/0003_40x80_17.jpg,スポーツ飲料
train_data/otsuka40x80/0003_40x80_18.jpg,スポーツ飲料
train_data/otsuka40x80/0003_40x80_19.jpg,スポーツ飲料
train_data/otsuka40x80/0003_40x80_20.jpg,スポーツ飲料
train_data/otsuka40x80/0003_40x80_21.jpg,スポーツ飲料
train_data/otsuka40x80/0003_40x80_22.jpg,スポーツ飲料
train_data/otsuka40x80/0003_40x80_23.jpg,スポーツ飲料
train_data/otsuka40x80/0003_40x80_24.jpg,スポーツ飲料
train_data/otsuka40x80/0003_40x80_25.jpg,スポーツ飲料
train_data/otsuka40x80/0003_40x80_26.jpg,スポーツ飲料
train_data/otsuka40x80/0003_40x80_27.jpg,スポーツ飲料
train_data/otsuka40x80/0003_40x80_28.jpg,スポーツ飲料
train_data/otsuka40x80/0003_40x80_29.jpg,スポーツ飲料
train_data/otsuka40x80/0003_40x80_30.jpg,スポーツ飲料
train_data/otsuka40x80/0003_40x80_31.jpg,スポーツ飲料
train_data/otsuka40x80/0003_40x80_32.jpg,スポーツ飲料
train_data/otsuka40x80/0003_40x80_33.jpg,スポーツ飲料
train_data/otsuka40x80/0003_40x80_34.jpg,スポーツ飲料
train_data/otsuka40x80/0003_40x80_35.jpg,スポーツ飲料
train_data/otsuka40x80/0003_40x80_36.jpg,スポーツ飲料
train_data/otsuka40x80/0003_40x80_37.jpg,スポーツ飲料
train_data/otsuka40x80/0003_40x80_38.jpg,スポーツ飲料
train_data/otsuka40x80/0003_40x80_39.jpg,スポーツ飲料
train_data/otsuka40x80/0003_40x80_40.jpg,スポーツ飲料
train_data/otsuka40x80/0003_40x80_41.jpg,スポーツ飲料
train_data/otsuka40x80/0003_40x80_42.jpg,スポーツ飲料
train_data/otsuka40x80/0003_40x80_43.jpg,スポーツ飲料
train_data/otsuka40x80/0003_40x80_44.jpg,スポーツ飲料
train_data/otsuka40x80/0003_40x80_45.jpg,スポーツ飲料
train_data/otsuka40x80/0003_40x80_46.jpg,スポーツ飲料
train_data/otsuka40x80/0003_40x80_47.jpg,スポーツ飲料
train_data/otsuka40x80/0003_40x80_48.jpg,スポーツ飲料
train_data/otsuka40x80/0003_40x80_49.jpg,スポーツ飲料
train_data/otsuka40x80/0003_40x80_50.jpg,スポーツ飲料
train_data/otsuka40x80/0003_40x80_51.jpg,スポーツ飲料
train_data/otsuka40x80/0003_40x80_52.jpg,スポーツ飲料
train_data/otsuka40x80/0003_40x80_53.jpg,スポーツ飲料
train_data/otsuka40x80/0003_40x80_54.jpg,スポーツ飲料
train_data/otsuka40x80/0003_40x80_55.jpg,スポーツ飲料
train_data/otsuka40x80/0003_40x80_56.jpg,スポーツ飲料
train_data/otsuka40x80/0003_40x80_57.jpg,スポーツ飲料
train_data/otsuka40x80/0003_40x80_58.jpg,スポーツ飲料
train_data/otsuka40x80/0003_40x80_59.jpg,スポーツ飲料
train_data/otsuka40x80/0003_40x80_60.jpg,スポーツ飲料
train_data/otsuka40x80/0003_40x80_61.jpg,スポーツ飲料
train_data/otsuka40x80/0003_40x80_62.jpg,スポーツ飲料
train_data/otsuka40x80/0003_40x80_63.jpg,スポーツ飲料
train_data/otsuka40x80/0003_40x80_64.jpg,スポーツ飲料
train_data/otsuka40x80/0003_40x80_65.jpg,スポーツ飲料
train_data/otsuka40x80/0003_40x80_66.jpg,スポーツ飲料
train_data/otsuka40x80/0003_40x80_67.jpg,スポーツ飲料
train_data/otsuka40x80/0003_40x80_68.jpg,スポーツ飲料
train_data/otsuka40x80/0003_40x80_69.jpg,スポーツ飲料
train_data/otsuka40x80/0003_40x80_70.jpg,スポーツ飲料
train_data/otsuka40x80/0003_40x80_71.jpg,スポーツ飲料
train_data/otsuka40x80/0003_40x80_72.jpg,スポーツ飲料
train_data/otsuka40x80/0003_40x80_73.jpg,スポーツ飲料
train_data/otsuka40x80/0003_40x80_74.jpg,スポーツ飲料
train_data/otsuka40x80/0003_40x80_75.jpg,スポーツ飲料
train_data/otsuka40x80/0003_40x80_76.jpg,スポーツ飲料
train_data/otsuka40x80/0003_40x80_77.jpg,スポーツ飲料
train_data/otsuka40x80/0003_40x80_78.jpg,スポーツ飲料
train_data/otsuka40x80/0003_40x80_79.jpg,スポーツ飲料
train_data/otsuka40x80/0003_40x80_80.jpg,スポーツ飲料
train_data/otsuka40x80/0003_40x80_81.jpg,スポーツ飲料
train_data/otsuka40x80/0003_40x80_82.jpg,スポーツ飲料
train_data/otsuka40x80/0003_40x80_83.jpg,スポーツ飲料
train_data/otsuka40x80/0003_40x80_84.jpg,スポーツ飲料
train_data/otsuka40x80/0003_40x80_85.jpg,スポーツ飲料
train_data/otsuka40x80/0003_40x80_86.jpg,スポーツ飲料
train_data/otsuka40x80/0003_40x80_87.jpg,スポーツ飲料
train_data/otsuka40x80/0001_40x80_0.jpg,スポーツ飲料
train_data/otsuka40x80/0001_40x80_1.jpg,スポーツ飲料
train_data/otsuka40x80/0001_40x80_2.jpg,スポーツ飲料
train_data/otsuka40x80/0001_40x80_3.jpg,スポーツ飲料
train_data/otsuka40x80/0001_40x80_4.jpg,スポーツ飲料
train_data/otsuka40x80/0001_40x80_5.jpg,スポーツ飲料
train_data/otsuka40x80/0001_40x80_6.jpg,スポーツ飲料
train_data/otsuka40x80/0001_40x80_7.jpg,スポーツ飲料
train_data/otsuka40x80/0001_40x80_8.jpg,スポーツ飲料
train_data/otsuka40x80/0001_40x80_9.jpg,スポーツ飲料
train_data/otsuka40x80/0001_40x80_10.jpg,スポーツ飲料
train_data/otsuka40x80/0001_40x80_11.jpg,スポーツ飲料
train_data/otsuka40x80/0001_40x80_12.jpg,スポーツ飲料
train_data/otsuka40x80/0001_40x80_13.jpg,スポーツ飲料
train_data/otsuka40x80/0001_40x80_14.jpg,スポーツ飲料
train_data/otsuka40x80/0001_40x80_15.jpg,スポーツ飲料
train_data/otsuka40x80/0001_40x80_16.jpg,スポーツ飲料
train_data/otsuka40x80/0001_40x80_17.jpg,スポーツ飲料
train_data/otsuka40x80/0001_40x80_18.jpg,スポーツ飲料
train_data/otsuka40x80/0001_40x80_19.jpg,スポーツ飲料
train_data/otsuka40x80/0001_40x80_20.jpg,スポーツ飲料
train_data/otsuka40x80/0001_40x80_21.jpg,スポーツ飲料
train_data/otsuka40x80/0001_40x80_22.jpg,スポーツ飲料
train_data/otsuka40x80/0001_40x80_23.jpg,スポーツ飲料
train_data/otsuka40x80/0001_40x80_24.jpg,スポーツ飲料
train_data/otsuka40x80/0001_40x80_25.jpg,スポーツ飲料
train_data/otsuka40x80/0001_40x80_26.jpg,スポーツ飲料
train_data/otsuka40x80/0001_40x80_27.jpg,スポーツ飲料
train_data/otsuka40x80/0001_40x80_28.jpg,スポーツ飲料
train_data/otsuka40x80/0001_40x80_29.jpg,スポーツ飲料
train_data/otsuka40x80/0001_40x80_30.jpg,スポーツ飲料
train_data/otsuka40x80/0001_40x80_31.jpg,スポーツ飲料
train_data/otsuka40x80/0001_40x80_32.jpg,スポーツ飲料
train_data/otsuka40x80/0001_40x80_33.jpg,スポーツ飲料
train_data/otsuka40x80/0001_40x80_34.jpg,スポーツ飲料
train_data/otsuka40x80/0001_40x80_35.jpg,スポーツ飲料
train_data/otsuka40x80/0001_40x80_36.jpg,スポーツ飲料
train_data/otsuka40x80/0001_40x80_37.jpg,スポーツ飲料
train_data/otsuka40x80/0001_40x80_38.jpg,スポーツ飲料
train_data/otsuka40x80/0001_40x80_39.jpg,スポーツ飲料
train_data/otsuka40x80/0001_40x80_40.jpg,スポーツ飲料
train_data/otsuka40x80/0001_40x80_41.jpg,スポーツ飲料
train_data/otsuka40x80/0001_40x80_42.jpg,スポーツ飲料
train_data/otsuka40x80/0001_40x80_43.jpg,スポーツ飲料
train_data/otsuka40x80/0001_40x80_44.jpg,スポーツ飲料
train_data/otsuka40x80/0001_40x80_45.jpg,スポーツ飲料
train_data/otsuka40x80/0001_40x80_46.jpg,スポーツ飲料
train_data/otsuka40x80/0001_40x80_47.jpg,スポーツ飲料
train_data/otsuka40x80/0001_40x80_48.jpg,スポーツ飲料
train_data/otsuka40x80/0001_40x80_49.jpg,スポーツ飲料
train_data/otsuka40x80/0001_40x80_50.jpg,スポーツ飲料
train_data/otsuka40x80/0001_40x80_51.jpg,スポーツ飲料
train_data/otsuka40x80/0001_40x80_52.jpg,スポーツ飲料
train_data/otsuka40x80/0001_40x80_53.jpg,スポーツ飲料
train_data/otsuka40x80/0001_40x80_54.jpg,スポーツ飲料
train_data/otsuka40x80/0001_40x80_55.jpg,スポーツ飲料
train_data/otsuka40x80/0001_40x80_56.jpg,スポーツ飲料
train_data/otsuka40x80/0001_40x80_57.jpg,スポーツ飲料
train_data/otsuka40x80/0001_40x80_58.jpg,スポーツ飲料
train_data/otsuka40x80/0001_40x80_59.jpg,スポーツ飲料
train_data/otsuka40x80/0001_40x80_60.jpg,スポーツ飲料
train_data/otsuka40x80/0001_40x80_61.jpg,スポーツ飲料
train_data/otsuka40x80/0001_40x80_62.jpg,スポーツ飲料
train_data/otsuka40x80/0001_40x80_63.jpg,スポーツ飲料
train_data/otsuka40x80/0001_40x80_64.jpg,スポーツ飲料
train_data/otsuka40x80/0001_40x80_65.jpg,スポーツ飲料
train_data/otsuka40x80/0001_40x80_66.jpg,スポーツ飲料
train_data/otsuka40x80/0001_40x80_67.jpg,スポーツ飲料
train_data/otsuka40x80/0001_40x80_68.jpg,スポーツ飲料
train_data/otsuka40x80/0001_40x80_69.jpg,スポーツ飲料
train_data/otsuka40x80/0001_40x80_70.jpg,スポーツ飲料
train_data/otsuka40x80/0001_40x80_71.jpg,スポーツ飲料
train_data/otsuka40x80/0001_40x80_72.jpg,スポーツ飲料
train_data/otsuka40x80/0001_40x80_73.jpg,スポーツ飲料
train_data/otsuka40x80/0001_40x80_74.jpg,スポーツ飲料
train_data/otsuka40x80/0001_40x80_75.jpg,スポーツ飲料
train_data/otsuka40x80/0001_40x80_76.jpg,スポーツ飲料
train_data/otsuka40x80/0001_40x80_77.jpg,スポーツ飲料
train_data/otsuka40x80/0001_40x80_78.jpg,スポーツ飲料
train_data/otsuka40x80/0001_40x80_79.jpg,スポーツ飲料
train_data/otsuka40x80/0001_40x80_80.jpg,スポーツ飲料
train_data/otsuka40x80/0001_40x80_81.jpg,スポーツ飲料
train_data/otsuka40x80/0001_40x80_82.jpg,スポーツ飲料
train_data/otsuka40x80/0001_40x80_83.jpg,スポーツ飲料
train_data/otsuka40x80/0001_40x80_84.jpg,スポーツ飲料
train_data/otsuka40x80/0001_40x80_85.jpg,スポーツ飲料
train_data/otsuka40x80/0001_40x80_86.jpg,スポーツ飲料
train_data/otsuka40x80/0001_40x80_87.jpg,スポーツ飲料
train_data/otsuka40x80/0002_40x80_0.jpg,スポーツ飲料
train_data/otsuka40x80/0002_40x80_1.jpg,スポーツ飲料
train_data/otsuka40x80/0002_40x80_2.jpg,スポーツ飲料
train_data/otsuka40x80/0002_40x80_3.jpg,スポーツ飲料
train_data/otsuka40x80/0002_40x80_4.jpg,スポーツ飲料
train_data/otsuka40x80/0002_40x80_5.jpg,スポーツ飲料
train_data/otsuka40x80/0002_40x80_6.jpg,スポーツ飲料
train_data/otsuka40x80/0002_40x80_7.jpg,スポーツ飲料
train_data/otsuka40x80/0002_40x80_8.jpg,スポーツ飲料
train_data/otsuka40x80/0002_40x80_9.jpg,スポーツ飲料
train_data/otsuka40x80/0002_40x80_10.jpg,スポーツ飲料
train_data/otsuka40x80/0002_40x80_11.jpg,スポーツ飲料
train_data/otsuka40x80/0002_40x80_12.jpg,スポーツ飲料
train_data/otsuka40x80/0002_40x80_13.jpg,スポーツ飲料
train_data/otsuka40x80/0002_40x80_14.jpg,スポーツ飲料
train_data/otsuka40x80/0002_40x80_15.jpg,スポーツ飲料
train_data/otsuka40x80/0002_40x80_16.jpg,スポーツ飲料
train_data/otsuka40x80/0002_40x80_17.jpg,スポーツ飲料
train_data/otsuka40x80/0002_40x80_18.jpg,スポーツ飲料
train_data/otsuka40x80/0002_40x80_19.jpg,スポーツ飲料
train_data/otsuka40x80/0002_40x80_20.jpg,スポーツ飲料
train_data/otsuka40x80/0002_40x80_21.jpg,スポーツ飲料
train_data/otsuka40x80/0002_40x80_22.jpg,スポーツ飲料
train_data/otsuka40x80/0002_40x80_23.jpg,スポーツ飲料
train_data/otsuka40x80/0002_40x80_24.jpg,スポーツ飲料
train_data/otsuka40x80/0002_40x80_25.jpg,スポーツ飲料
train_data/otsuka40x80/0002_40x80_26.jpg,スポーツ飲料
train_data/otsuka40x80/0002_40x80_27.jpg,スポーツ飲料
train_data/otsuka40x80/0002_40x80_28.jpg,スポーツ飲料
train_data/otsuka40x80/0002_40x80_29.jpg,スポーツ飲料
train_data/otsuka40x80/0002_40x80_30.jpg,スポーツ飲料
train_data/otsuka40x80/0002_40x80_31.jpg,スポーツ飲料
train_data/otsuka40x80/0002_40x80_32.jpg,スポーツ飲料
train_data/otsuka40x80/0002_40x80_33.jpg,スポーツ飲料
train_data/otsuka40x80/0002_40x80_34.jpg,スポーツ飲料
train_data/otsuka40x80/0002_40x80_35.jpg,スポーツ飲料
train_data/otsuka40x80/0002_40x80_36.jpg,スポーツ飲料
train_data/otsuka40x80/0002_40x80_37.jpg,スポーツ飲料
train_data/otsuka40x80/0002_40x80_38.jpg,スポーツ飲料
train_data/otsuka40x80/0002_40x80_39.jpg,スポーツ飲料
train_data/otsuka40x80/0002_40x80_40.jpg,スポーツ飲料
train_data/otsuka40x80/0002_40x80_41.jpg,スポーツ飲料
train_data/otsuka40x80/0002_40x80_42.jpg,スポーツ飲料
train_data/otsuka40x80/0002_40x80_43.jpg,スポーツ飲料
train_data/otsuka40x80/0002_40x80_44.jpg,スポーツ飲料
train_data/otsuka40x80/0002_40x80_45.jpg,スポーツ飲料
train_data/otsuka40x80/0002_40x80_46.jpg,スポーツ飲料
train_data/otsuka40x80/0002_40x80_47.jpg,スポーツ飲料
train_data/otsuka40x80/0002_40x80_48.jpg,スポーツ飲料
train_data/otsuka40x80/0002_40x80_49.jpg,スポーツ飲料
train_data/otsuka40x80/0002_40x80_50.jpg,スポーツ飲料
train_data/otsuka40x80/0002_40x80_51.jpg,スポーツ飲料
train_data/otsuka40x80/0002_40x80_52.jpg,スポーツ飲料
train_data/otsuka40x80/0002_40x80_53.jpg,スポーツ飲料
train_data/otsuka40x80/0002_40x80_54.jpg,スポーツ飲料
train_data/otsuka40x80/0002_40x80_55.jpg,スポーツ飲料
train_data/otsuka40x80/0002_40x80_56.jpg,スポーツ飲料
train_data/otsuka40x80/0002_40x80_57.jpg,スポーツ飲料
train_data/otsuka40x80/0002_40x80_58.jpg,スポーツ飲料
train_data/otsuka40x80/0002_40x80_59.jpg,スポーツ飲料
train_data/otsuka40x80/0002_40x80_60.jpg,スポーツ飲料
train_data/otsuka40x80/0002_40x80_61.jpg,スポーツ飲料
train_data/otsuka40x80/0002_40x80_62.jpg,スポーツ飲料
train_data/otsuka40x80/0002_40x80_63.jpg,スポーツ飲料
train_data/otsuka40x80/0002_40x80_64.jpg,スポーツ飲料
train_data/otsuka40x80/0002_40x80_65.jpg,スポーツ飲料
train_data/otsuka40x80/0002_40x80_66.jpg,スポーツ飲料
train_data/otsuka40x80/0002_40x80_67.jpg,スポーツ飲料
train_data/otsuka40x80/0002_40x80_68.jpg,スポーツ飲料
train_data/otsuka40x80/0002_40x80_69.jpg,スポーツ飲料
train_data/otsuka40x80/0002_40x80_70.jpg,スポーツ飲料
train_data/otsuka40x80/0002_40x80_71.jpg,スポーツ飲料
train_data/otsuka40x80/0002_40x80_72.jpg,スポーツ飲料
train_data/otsuka40x80/0002_40x80_73.jpg,スポーツ飲料
train_data/otsuka40x80/0002_40x80_74.jpg,スポーツ飲料
train_data/otsuka40x80/0002_40x80_75.jpg,スポーツ飲料
train_data/otsuka40x80/0002_40x80_76.jpg,スポーツ飲料
train_data/otsuka40x80/0002_40x80_77.jpg,スポーツ飲料
train_data/otsuka40x80/0002_40x80_78.jpg,スポーツ飲料
train_data/otsuka40x80/0002_40x80_79.jpg,スポーツ飲料
train_data/otsuka40x80/0002_40x80_80.jpg,スポーツ飲料
train_data/otsuka40x80/0002_40x80_81.jpg,スポーツ飲料
train_data/otsuka40x80/0002_40x80_82.jpg,スポーツ飲料
train_data/otsuka40x80/0002_40x80_83.jpg,スポーツ飲料
train_data/otsuka40x80/0002_40x80_84.jpg,スポーツ飲料
train_data/otsuka40x80/0002_40x80_85.jpg,スポーツ飲料
train_data/otsuka40x80/0002_40x80_86.jpg,スポーツ飲料
train_data/otsuka40x80/0002_40x80_87.jpg,スポーツ飲料
