"=IMAGE(""https://www.cheerio.co.jp/cart/image/shopitem/lifegard2016_32.jpg"")",チェリオ,炭酸飲料,ライフガード
"=IMAGE(""https://www.cheerio.co.jp/cart/image/shopitem/bodygardplus_32.jpg"")",チェリオ,炭酸飲料,ボディーガードプラス
"=IMAGE(""https://www.cheerio.co.jp/cart/image/shopitem/janglemanx.jpg"")",チェリオ,炭酸飲料,ジャングルマンX
"=IMAGE(""https://www.cheerio.co.jp/cart/image/shopitem/dblsparkinglemon_32.jpg"")",チェリオ,炭酸飲料,ダブルスパークリングゆず＆レモン
"=IMAGE(""https://www.cheerio.co.jp/cart/image/shopitem/p-saidar.jpg"")",チェリオ,炭酸飲料,日本のサイダー
"=IMAGE(""https://www.cheerio.co.jp/cart/image/shopitem/sweetkiss_52.jpg"")",チェリオ,炭酸飲料,スィートキッス
"=IMAGE(""https://www.cheerio.co.jp/cart/image/shopitem/cheerio_grape_52.jpg"")",チェリオ,炭酸飲料,チェリオグレープ
"=IMAGE(""https://www.cheerio.co.jp/cart/image/shopitem/melon_s.jpg"")",チェリオ,炭酸飲料,チェリオメロン
"=IMAGE(""https://www.cheerio.co.jp/cart/image/shopitem/melon_cream_soda1002.jpg"")",チェリオ,炭酸飲料,チェリオメロンクリームソーダ
"=IMAGE(""https://www.cheerio.co.jp/cart/image/shopitem/creamramune_32.jpg"")",チェリオ,炭酸飲料,チェリオクリームラムネ風味
"=IMAGE(""https://www.cheerio.co.jp/cart/image/shopitem/soda_52.jpg"")",チェリオ,炭酸飲料,チェリオ炭酸水
"=IMAGE(""https://www.cheerio.co.jp/cart/image/shopitem/soda_lemon_52.jpg"")",チェリオ,炭酸飲料,チェリオレモンの炭酸水
"=IMAGE(""https://www.cheerio.co.jp/cart/image/shopitem/suzukatennensui600_32.jpg"")",チェリオ,ミネラルウォーター,鈴鹿山系の天然水
"=IMAGE(""https://www.cheerio.co.jp/cart/image/shopitem/fruitsade_52.jpg"")",チェリオ,果汁飲料,チェリオ３つの果実
"=IMAGE(""https://www.cheerio.co.jp/cart/image/shopitem/s-applethy[1].jpg"")",チェリオ,紅茶,チェリオアップルティー
"=IMAGE(""https://www.cheerio.co.jp/cart/image/shopitem/yokiryokucha_52.jpg"")",チェリオ,緑茶,チェリオ有機緑茶
"=IMAGE(""https://www.cheerio.co.jp/cart/image/shopitem/mixfruits_2016_52.jpg"")",チェリオ,果汁飲料,ミックスフルーツオ・レ
"=IMAGE(""https://www.cheerio.co.jp/cart/image/shopitem/2012cheeriotea.jpg"")",チェリオ,緑茶,チェリオお茶
"=IMAGE(""https://www.cheerio.co.jp/cart/image/shopitem/cheerio_mugitee_52.jpg"")",チェリオ,その他お茶,チェリオ麦茶
