=IMAGE("http://www.cocacola.co.jp/content/dam/journey/jp/ja/global/2016/products/0829/%E3%82%B3%E3%83%BC%E3%83%A9%E3%80%81%E3%82%B3%E3%83%BC%E3%83%A9%E3%82%BC%E3%83%AD/thum_ko_001.jpg.resize.w_100.h_83...jpg/zYaf1Up6EIUHCMroWQNA/0.jpg"), コカ・コーラ, コーラ, コカ・コーラ
=IMAGE("http://www.cocacola.co.jp/content/dam/journey/jp/ja/global/2016/products/no_frame/thum_ko_003.jpg.resize.w_100.h_83...jpg/zYaf1Up6EIUHCMroWQNA/0.jpg"), コカ・コーラ, コーラ, コカ・コーラ ライフ
=IMAGE("http://www.cocacola.co.jp/content/dam/journey/jp/ja/global/2016/products/no_frame/thum_kozero_001.jpg.resize.w_100.h_83...jpg/zYaf1Up6EIUHCMroWQNA/0.jpg"), コカ・コーラ, コーラ, コカ・コーラ ゼロ
=IMAGE("http://www.cocacola.co.jp/content/dam/journey/jp/ja/global/2016/products/no_frame/thum_kozero_002.jpg.resize.w_100.h_83...jpg/zYaf1Up6EIUHCMroWQNA/0.jpg"), コカ・コーラ, コーラ, コカ・コーラ ゼロフリー
=IMAGE("http://www.cocacola.co.jp/content/dam/journey/jp/ja/global/2016/products/no_frame/thum_fanta_001.jpg.resize.w_100.h_83...jpg/zYaf1Up6EIUHCMroWQNA/0.jpg"), コカ・コーラ, 炭酸飲料, ファンタ グレープ
=IMAGE("http://www.cocacola.co.jp/content/dam/journey/jp/ja/global/2016/products/no_frame/thum_fanta_002.jpg.resize.w_100.h_83...jpg/zYaf1Up6EIUHCMroWQNA/0.jpg"), コカ・コーラ, 炭酸飲料, ファンタ オレンジ
=IMAGE("http://www.cocacola.co.jp/content/dam/journey/jp/ja/global/2016/products/0912/pc_thum_fanta_070.png.resize.w_100.h_83...png/zYaf1Up6EIUHCMroWQNA/0.png"), コカ・コーラ, 炭酸飲料, ファンタ 真っ赤なオレンジ
=IMAGE("http://www.cocacola.co.jp/content/dam/journey/jp/ja/global/2016/products/no_frame/thum_fanta_069.jpg.resize.w_100.h_83...jpg/zYaf1Up6EIUHCMroWQNA/0.jpg"), コカ・コーラ, 炭酸飲料, ファンタ すいか
=IMAGE("http://www.cocacola.co.jp/content/dam/journey/jp/ja/global/2016/products/no_frame/thum_fanta_067.jpg.resize.w_100.h_83...jpg/zYaf1Up6EIUHCMroWQNA/0.jpg"), コカ・コーラ, 炭酸飲料, ファンタ レモン+C
=IMAGE("http://www.cocacola.co.jp/content/dam/journey/jp/ja/global/2016/products/no_frame/thum_sprite_001.jpg.resize.w_100.h_83...jpg/zYaf1Up6EIUHCMroWQNA/0.jpg"), コカ・コーラ, 炭酸飲料, スプライト
=IMAGE("http://www.cocacola.co.jp/content/dam/journey/jp/ja/global/2016/products/0905/%E3%82%AB%E3%83%8A%E3%83%80%E3%83%89%E3%83%A9%E3%82%A43%E8%A3%BD%E5%93%81/thum_pc_canadadry_001.png.resize.w_100.h_83...png/zYaf1Up6EIUHCMroWQNA/0.png"), コカ・コーラ, 炭酸飲料, カナダドライ ジンジャーエール
=IMAGE("http://www.cocacola.co.jp/content/dam/journey/jp/ja/global/2016/products/0905/%E3%82%AB%E3%83%8A%E3%83%80%E3%83%89%E3%83%A9%E3%82%A43%E8%A3%BD%E5%93%81/thum_pc_canadadry_002.png.resize.w_100.h_83...png/zYaf1Up6EIUHCMroWQNA/0.png"), コカ・コーラ, 炭酸飲料, カナダドライ トニックウォーター
=IMAGE("http://www.cocacola.co.jp/content/dam/journey/jp/ja/global/2016/products/0905/%E3%82%AB%E3%83%8A%E3%83%80%E3%83%89%E3%83%A9%E3%82%A43%E8%A3%BD%E5%93%81/thum_pc_canadadry_003.png.resize.w_100.h_83...png/zYaf1Up6EIUHCMroWQNA/0.png"), コカ・コーラ, 炭酸飲料, カナダドライ クラブソーダ
=IMAGE("http://www.cocacola.co.jp/content/dam/journey/jp/ja/global/2016/products/no_frame/thum_drpaper_001.jpg.resize.w_100.h_83...jpg/zYaf1Up6EIUHCMroWQNA/0.jpg"), コカ・コーラ, 炭酸飲料, ドクターペッパーー
=IMAGE("http://www.cocacola.co.jp/content/dam/journey/jp/ja/global/2016/products/no_frame/thum_schweppes_013.jpg.resize.w_100.h_83...jpg/zYaf1Up6EIUHCMroWQNA/0.jpg"), コカ・コーラ, 炭酸飲料, シュウェップス ライムエード
=IMAGE("http://www.cocacola.co.jp/content/dam/journey/jp/ja/global/2016/products/no_frame/thum_schweppes_012.jpg.resize.w_100.h_83...jpg/zYaf1Up6EIUHCMroWQNA/0.jpg"), コカ・コーラ, 炭酸飲料, シュウェップス グレープフルーツブレンド
=IMAGE("http://www.cocacola.co.jp/content/dam/journey/jp/ja/global/2016/products/no_frame/thum_schweppes_011.jpg.resize.w_100.h_83...jpg/zYaf1Up6EIUHCMroWQNA/0.jpg"), コカ・コーラ, 炭酸飲料, シュウェップス グレープスパークリング
=IMAGE("http://www.cocacola.co.jp/content/dam/journey/jp/ja/global/2016/products/no_frame/thum_swp_001.jpg.resize.w_100.h_83...jpg/zYaf1Up6EIUHCMroWQNA/0.jpg"), コカ・コーラ, 炭酸飲料, シュウェップス トニックウォーター
=IMAGE("http://www.cocacola.co.jp/content/dam/journey/jp/ja/global/2016/products/no_frame/thum_georgia_017.jpg.resize.w_100.h_83...jpg/zYaf1Up6EIUHCMroWQNA/0.jpg"), コカ・コーラ, コーヒー飲料, ジョージア エメラルドマウンテンブレンドカフェオレ
=IMAGE("http://www.cocacola.co.jp/content/dam/journey/jp/ja/global/2016/products/no_frame/thum_georgia_100.jpg.resize.w_100.h_83...jpg/zYaf1Up6EIUHCMroWQNA/0.jpg"), コカ・コーラ, コーヒー飲料, ジョージア 贅沢生クリームのカフェオレ
=IMAGE("http://www.cocacola.co.jp/content/dam/journey/jp/ja/global/2016/products/0926/thum_georgia_120.png.resize.w_100.h_83...png/zYaf1Up6EIUHCMroWQNA/0.png"), コカ・コーラ, コーヒー飲料, ジョージア 贅沢ホットカフェオレ
=IMAGE("http://www.cocacola.co.jp/content/dam/journey/jp/ja/global/2016/products/0905/ga%E8%B4%85%E6%B2%A2%E3%83%9F%E3%83%AB%E3%82%AF%E3%81%AE%E3%83%9B%E3%83%83%E3%83%88%E3%81%AA%E3%82%AB%E3%83%95%E3%82%A7%E3%82%AA%E3%83%AC/pc_thum_georgia_106_0905.png.resize.w_100.h_83...png/zYaf1Up6EIUHCMroWQNA/0.png"), コカ・コーラ, コーヒー飲料, ジョージア 贅沢ミルクのホットなカフェオレ
=IMAGE("http://www.cocacola.co.jp/content/dam/journey/jp/ja/global/2016/products/no_frame/thum_sokenbicha_001.jpg.resize.w_100.h_83...jpg/zYaf1Up6EIUHCMroWQNA/0.jpg"), コカ・コーラ, その他お茶, 爽健美茶
=IMAGE("http://www.cocacola.co.jp/content/dam/journey/jp/ja/global/2016/products/no_frame/thum_ayataka_001.jpg.resize.w_100.h_83...jpg/zYaf1Up6EIUHCMroWQNA/0.jpg"), コカ・コーラ, 緑茶, 綾鷹
=IMAGE("http://www.cocacola.co.jp/content/dam/journey/jp/ja/global/2016/products/no_frame/thum_ayataka_004.jpg.resize.w_100.h_83...jpg/zYaf1Up6EIUHCMroWQNA/0.jpg"), コカ・コーラ, 緑茶, 綾鷹にごりほのか
=IMAGE("http://www.cocacola.co.jp/content/dam/journey/jp/ja/global/2016/products/no_frame/thum_matetea_001.jpg.resize.w_100.h_83...jpg/zYaf1Up6EIUHCMroWQNA/0.jpg"), コカ・コーラ, その他お茶, 太陽のマテ茶
=IMAGE("http://www.cocacola.co.jp/content/dam/journey/jp/ja/global/2016/products/no_frame/thum_saryusaisai_02.jpg.resize.w_100.h_83...jpg/zYaf1Up6EIUHCMroWQNA/0.jpg"), コカ・コーラ, その他お茶, 茶流彩彩さんびん茶
=IMAGE("http://www.cocacola.co.jp/content/dam/journey/jp/ja/global/2016/products/no_frame/thum_tsumugi_001.jpg.resize.w_100.h_83...jpg/zYaf1Up6EIUHCMroWQNA/0.jpg"), コカ・コーラ, その他お茶, 日本の烏龍茶 つむぎ
=IMAGE("http://www.cocacola.co.jp/content/dam/journey/jp/ja/global/2016/products/no_frame/thum_meguri_001.jpg.resize.w_100.h_83...jpg/zYaf1Up6EIUHCMroWQNA/0.jpg"), コカ・コーラ, その他お茶, からだ巡茶
=IMAGE("http://www.cocacola.co.jp/content/dam/journey/jp/ja/global/2016/products/no_frame/thum_meguri_002.jpg.resize.w_100.h_83...jpg/zYaf1Up6EIUHCMroWQNA/0.jpg"), コカ・コーラ, その他お茶, からだ巡茶ジャスミン茶ブレンド
=IMAGE("http://www.cocacola.co.jp/content/dam/journey/jp/ja/global/2016/products/no_frame/thum_sukoyaka_001.jpg.resize.w_100.h_83...jpg/zYaf1Up6EIUHCMroWQNA/0.jpg"), コカ・コーラ, その他お茶, からだすこやか茶W
=IMAGE("http://www.cocacola.co.jp/content/dam/journey/jp/ja/global/2016/products/no_frame/thum_toreta_002.jpg.resize.w_100.h_83...jpg/zYaf1Up6EIUHCMroWQNA/0.jpg"), コカ・コーラ, 清涼飲料, Toreta!瀬戸内の柑橘エキスと海塩
=IMAGE("http://www.cocacola.co.jp/content/dam/journey/jp/ja/global/2016/products/no_frame/thum_kotyakaden_001.jpg.resize.w_100.h_83...jpg/zYaf1Up6EIUHCMroWQNA/0.jpg"), コカ・コーラ, 紅茶, 紅茶花伝 ロイヤルミルクティー
=IMAGE("http://www.cocacola.co.jp/content/dam/journey/jp/ja/global/2016/products/no_frame/thum_kotyakaden_036.jpg.resize.w_100.h_83...jpg/zYaf1Up6EIUHCMroWQNA/0.jpg"), コカ・コーラ, 紅茶, 紅茶花伝 アイスミルク
=IMAGE("http://www.cocacola.co.jp/content/dam/journey/jp/ja/global/2016/products/no_frame/thum_kotyakaden_034.jpg.resize.w_100.h_83...jpg/zYaf1Up6EIUHCMroWQNA/0.jpg"), コカ・コーラ, 紅茶, 紅茶花伝 ホットなロイヤル
=IMAGE("http://www.cocacola.co.jp/content/dam/journey/jp/ja/global/2016/products/no_frame/thum_kotyakaden_032.jpg.resize.w_100.h_83...jpg/zYaf1Up6EIUHCMroWQNA/0.jpg"), コカ・コーラ, 紅茶, 紅茶花伝 大人の薫るミルク
=IMAGE("http://www.cocacola.co.jp/content/dam/journey/jp/ja/global/2016/products/no_frame/thum_kotyakaden_02.jpg.resize.w_100.h_83...jpg/zYaf1Up6EIUHCMroWQNA/0.jpg"), コカ・コーラ, 紅茶, 紅茶花伝 とろける苺ロイヤルミルクティー
=IMAGE("http://www.cocacola.co.jp/content/dam/journey/jp/ja/global/2016/products/0905/%E7%B4%85%E8%8C%B6%E8%8A%B1%E4%BC%9D/pc_thum_kotyakaden_029_0905.jpg.resize.w_100.h_83...jpg/zYaf1Up6EIUHCMroWQNA/0.jpg"), コカ・コーラ, 紅茶, 紅茶花伝 ショコラ香るロイヤルミルクティー
=IMAGE("http://www.cocacola.co.jp/content/dam/journey/jp/ja/global/2016/products/no_frame/thum_kotyakaden_035.jpg.resize.w_100.h_83...jpg/zYaf1Up6EIUHCMroWQNA/0.jpg"), コカ・コーラ, 紅茶, 紅茶花伝 さくらんぼ香るロイヤルミルクティー
=IMAGE("http://www.cocacola.co.jp/content/dam/journey/jp/ja/global/2016/products/no_frame/thum_kotyakaden_030.jpg.resize.w_100.h_83...jpg/zYaf1Up6EIUHCMroWQNA/0.jpg"), コカ・コーラ, 紅茶, 紅茶花伝 ロイヤルレモネードティー
=IMAGE("http://www.cocacola.co.jp/content/dam/journey/jp/ja/global/2016/products/no_frame/thum_kotyakaden_006.jpg.resize.w_100.h_83...jpg/zYaf1Up6EIUHCMroWQNA/0.jpg"), コカ・コーラ, 紅茶, 紅茶花伝 アップルティー
=IMAGE("http://www.cocacola.co.jp/content/dam/journey/jp/ja/global/2016/products/no_frame/thum_kotyakaden_007.jpg.resize.w_100.h_83...jpg/zYaf1Up6EIUHCMroWQNA/0.jpg"), コカ・コーラ, 紅茶, 紅茶花伝 ガーデンレモンティー
=IMAGE("http://www.cocacola.co.jp/content/dam/journey/jp/ja/global/2016/products/no_frame/thum_saryusaisai_03.jpg.resize.w_100.h_83...jpg/zYaf1Up6EIUHCMroWQNA/0.jpg"), コカ・コーラ, その他お茶, 茶流彩彩 麦茶
=IMAGE("http://www.cocacola.co.jp/content/dam/journey/jp/ja/global/2016/products/no_frame/thum_aq_001.jpg.resize.w_100.h_83...jpg/zYaf1Up6EIUHCMroWQNA/0.jpg"), コカ・コーラ, スポーツ飲料, アクエリアス
=IMAGE("http://www.cocacola.co.jp/content/dam/journey/jp/ja/global/2016/products/no_frame/thum_aq_014.jpg.resize.w_100.h_83...jpg/zYaf1Up6EIUHCMroWQNA/0.jpg"), コカ・コーラ, スポーツ飲料, アクエリアス 冷凍PET
=IMAGE("http://www.cocacola.co.jp/content/dam/journey/jp/ja/global/2016/products/no_frame/thum_aq_006.jpg.resize.w_100.h_83...jpg/zYaf1Up6EIUHCMroWQNA/0.jpg"), コカ・コーラ, スポーツ飲料, アクエリアス ゼロ
=IMAGE("http://www.cocacola.co.jp/content/dam/journey/jp/ja/global/2016/products/1003/thum_vitamin_004.jpg.resize.w_100.h_83...jpg/zYaf1Up6EIUHCMroWQNA/0.jpg"), コカ・コーラ, スポーツ飲料, アクエリアス ビタミン
=IMAGE("http://www.cocacola.co.jp/content/dam/journey/jp/ja/global/2016/products/no_frame/thum_aq_017.jpg.resize.w_100.h_83...jpg/zYaf1Up6EIUHCMroWQNA/0.jpg"), コカ・コーラ, スポーツ飲料, アクエリアス ウォーター
=IMAGE("http://www.cocacola.co.jp/content/dam/journey/jp/ja/global/2016/products/0916/qoo/thum_qoo_024.png.resize.w_100.h_83...png/zYaf1Up6EIUHCMroWQNA/0.png"), コカ・コーラ, 果汁飲料, ミニッツメイド Qooみかん
=IMAGE("http://www.cocacola.co.jp/content/dam/journey/jp/ja/global/2016/products/0916/qoo/thum_qoo_025.png.resize.w_100.h_83...png/zYaf1Up6EIUHCMroWQNA/0.png"), コカ・コーラ, 果汁飲料, ミニッツメイド Qooりんご
=IMAGE("http://www.cocacola.co.jp/content/dam/journey/jp/ja/global/2016/products/0916/qoo/thum_qoo_033.png.resize.w_100.h_83...png/zYaf1Up6EIUHCMroWQNA/0.png"), コカ・コーラ, 果汁飲料, ミニッツメイド Qooぶどう
=IMAGE("http://www.cocacola.co.jp/content/dam/journey/jp/ja/global/2016/products/no_frame/thum_mmaid_01.jpg.resize.w_100.h_83...jpg/zYaf1Up6EIUHCMroWQNA/0.jpg"), コカ・コーラ, 果汁飲料, ミニッツメイド 朝の健康果実オレンジ・ブレンド
=IMAGE("http://www.cocacola.co.jp/content/dam/journey/jp/ja/global/2016/products/no_frame/thum_mmaid_02.jpg.resize.w_100.h_83...jpg/zYaf1Up6EIUHCMroWQNA/0.jpg"), コカ・コーラ, 果汁飲料, ミニッツメイド 朝の健康果実ピンクグレープフルーツ・ブレンド
=IMAGE("http://www.cocacola.co.jp/content/dam/journey/jp/ja/global/2016/products/no_frame/thum_mmaid_03.jpg.resize.w_100.h_83...jpg/zYaf1Up6EIUHCMroWQNA/0.jpg"), コカ・コーラ, 果汁飲料, ミニッツメイド 朝の健康果実カシス＆グレープ
=IMAGE("http://www.cocacola.co.jp/content/dam/journey/jp/ja/global/2016/products/no_frame/thum_mmaid_034.jpg.resize.w_100.h_83...jpg/zYaf1Up6EIUHCMroWQNA/0.jpg"), コカ・コーラ, 果汁飲料, ミニッツメイド 大人の贅沢りんご
=IMAGE("http://www.cocacola.co.jp/content/dam/journey/jp/ja/global/2016/products/no_frame/thum_mm_yuzu_01.jpg.resize.w_100.h_83...jpg/zYaf1Up6EIUHCMroWQNA/0.jpg"), コカ・コーラ, 果汁飲料, ミニッツメイド はちみつゆず
=IMAGE("http://www.cocacola.co.jp/content/dam/journey/jp/ja/global/2016/products/no_frame/thum_real_004.jpg.resize.w_100.h_83...jpg/zYaf1Up6EIUHCMroWQNA/0.jpg"), コカ・コーラ, 炭酸飲料, リアルゴールド フレーバーミックスレモン
=IMAGE("http://www.cocacola.co.jp/content/dam/journey/jp/ja/global/2016/products/no_frame/thum_ilohas_001.jpg.resize.w_100.h_83...jpg/zYaf1Up6EIUHCMroWQNA/0.jpg"), コカ・コーラ, ミネラルウォーター, い・ろ・は・す
=IMAGE("http://www.cocacola.co.jp/content/dam/journey/jp/ja/global/2016/products/no_frame/thum_ilohas_002.jpg.resize.w_100.h_83...jpg/zYaf1Up6EIUHCMroWQNA/0.jpg"), コカ・コーラ, 清涼飲料, い・ろ・は・す みかん
=IMAGE("http://www.cocacola.co.jp/content/dam/journey/jp/ja/global/2016/products/no_frame/thum_ilohas_003.jpg.resize.w_100.h_83...jpg/zYaf1Up6EIUHCMroWQNA/0.jpg"), コカ・コーラ, 清涼飲料, い・ろ・は・す りんご
=IMAGE("http://www.cocacola.co.jp/content/dam/journey/jp/ja/global/2016/products/no_frame/thum_ilohas_007.jpg.resize.w_100.h_83...jpg/zYaf1Up6EIUHCMroWQNA/0.jpg"), コカ・コーラ, 清涼飲料, い・ろ・は・す もも
=IMAGE("http://www.cocacola.co.jp/content/dam/journey/jp/ja/global/2016/products/no_frame/thum_ilohas_005.jpg.resize.w_100.h_83...jpg/zYaf1Up6EIUHCMroWQNA/0.jpg"), コカ・コーラ, 炭酸飲料, い・ろ・は・す スパークリングれもん
=IMAGE("http://www.cocacola.co.jp/content/dam/journey/jp/ja/global/2016/products/no_frame/thum_ilohas_008.jpg.resize.w_100.h_83...jpg/zYaf1Up6EIUHCMroWQNA/0.jpg"), コカ・コーラ, 炭酸飲料, い・ろ・は・す サイダー
=IMAGE("http://www.cocacola.co.jp/content/dam/journey/jp/ja/global/2016/products/no_frame/thum_glvitaminwater_019.jpg.resize.w_100.h_83...jpg/zYaf1Up6EIUHCMroWQNA/0.jpg"), コカ・コーラ, 清涼飲料, グラソー ビタミンウォーター スパーC
=IMAGE("http://www.cocacola.co.jp/content/dam/journey/jp/ja/global/2016/products/no_frame/thum_glvitaminwater_013.jpg.resize.w_100.h_83...jpg/zYaf1Up6EIUHCMroWQNA/0.jpg"), コカ・コーラ, 清涼飲料, グラソー ビタミンウォーター サニーサイド
=IMAGE("http://www.cocacola.co.jp/content/dam/journey/jp/ja/global/2016/products/no_frame/thum_glvitaminwater_008.jpg.resize.w_100.h_83...jpg/zYaf1Up6EIUHCMroWQNA/0.jpg"), コカ・コーラ, 清涼飲料, グラソー ビタミンウォーター トリプルエックス
=IMAGE("http://www.cocacola.co.jp/content/dam/journey/jp/ja/global/2016/products/no_frame/thum_glaceausleepwater_001.jpg.resize.w_100.h_83...jpg/zYaf1Up6EIUHCMroWQNA/0.jpg"), コカ・コーラ, 清涼飲料, グラソー スリープウォーター
