=IMAGE("http://www.itoen.co.jp/files/products/japanese_tea/160822_01.jpg"),伊藤園,緑茶,お〜いお茶 緑茶
=IMAGE("http://www.itoen.co.jp/files/products/japanese_tea/160822_03.jpg"),伊藤園,緑茶,お〜いお茶 濃い茶
=IMAGE("http://www.itoen.co.jp/files/products/japanese_tea/160905ujimatcha525.jpg"),伊藤園,緑茶,京都宇治抹茶入り お〜いお茶
=IMAGE("http://www.itoen.co.jp/files/products/japanese_tea/1606062bai.jpg"),伊藤園,緑茶,抹茶2倍 京都宇治抹茶入り お〜いお茶
=IMAGE("http://www.itoen.co.jp/files/products/japanese_tea/160905houji525.jpg"),伊藤園,その他お茶,お〜いお茶 絶品ほうじ茶
=IMAGE("http://www.itoen.co.jp/files/products/japanese_tea/160404gen525.jpg"),伊藤園,その他お茶,お〜いお茶 抹茶入り玄米茶
=IMAGE("http://www.itoen.co.jp/files/products/japanese_tea/151020.jpg"),伊藤園,緑茶,お〜いお茶 玉露
=IMAGE("http://www.itoen.co.jp/files/products/23135_ext_01_0.jpg"),伊藤園,緑茶,お〜いお茶 ぞっこん
=IMAGE("http://www.itoen.co.jp/files/products/japanese_tea/1610korimizudasi.jpg"),伊藤園,緑茶,氷水出し 京都宇治抹茶入り お〜いお茶 
=IMAGE("http://www.itoen.co.jp/files/products/japanese_tea/161017mugi650.jpg"),伊藤園,その他お茶,健康ミネラルむぎ茶
=IMAGE("http://www.itoen.co.jp/files/products/japanese_tea/160411mugireito%2B.jpg"),伊藤園,その他お茶,健康ミネラルむぎ茶 冷凍ボトル
=IMAGE("http://www.itoen.co.jp/files/products/japanese_tea/160704_02.jpg"),伊藤園,その他お茶,健康ミネラル穀物のブレンド茶 TEAシリアル
=IMAGE("http://www.itoen.co.jp/files/products/japanese_tea/160314meguri.jpg"),伊藤園,緑茶,お〜いお茶 巡りさらら
=IMAGE("http://www.itoen.co.jp/files/products/japanese_tea/160926genmai.jpg"),伊藤園,その他お茶,お〜いお茶 日本の健康玄米茶
=IMAGE("http://www.itoen.co.jp/files/products/japanese_tea/160314sarasaramugi%20500PET.jpg"),伊藤園,その他お茶,ヘルシープラス さらさらのむぎ茶
=IMAGE("http://www.itoen.co.jp/files/products/japanese_tea/160926katekin350.jpg"),伊藤園,緑茶,2つの働き カテキン緑茶
=IMAGE("http://www.itoen.co.jp/files/products/japanese_tea/160606matcha.jpg"),伊藤園,緑茶,振って愉しむ抹茶
=IMAGE("http://www.itoen.co.jp/files/products/23705_ext_01_0.jpg"),伊藤園,その他お茶,伝承の健康茶 はと麦茶
=IMAGE("http://www.itoen.co.jp/files/23379_ext_01_0.jpg"),伊藤園,その他お茶,伝承の健康茶 そば茶
=IMAGE("http://www.itoen.co.jp/files/products/14458_ext_01_0.jpg"),伊藤園,その他お茶,黒豆玄米茶
=IMAGE("http://www.itoen.co.jp/files/products/22712_ext_01_0.jpg"),伊藤園,その他お茶,茶の間
=IMAGE("http://www.itoen.co.jp/files/products/japanese_tea/150727toukibi.jpg"),伊藤園,その他お茶,北海道とうきび茶
=IMAGE("http://www.itoen.co.jp/files/products/tea/161010teasteahouji.jpg"),伊藤園,その他お茶,TEAs' TEA NEW AUTHENTIC ほうじ茶ラテ
=IMAGE("http://www.itoen.co.jp/files/products/tea/161003teasteanihon.jpg"),伊藤園,紅茶,TEAs' TEA NEW AUTHENTIC 日本の紅茶
=IMAGE("http://www.itoen.co.jp/files/products/tea/161003teasteada.jpg"),伊藤園,紅茶,TEAs' TEA NEW AUTHENTIC ダージリン
=IMAGE("http://www.itoen.co.jp/files/products/tea/161031teastea_apple.jpg"),伊藤園,紅茶,TEAs' TEA NEW AUTHENTIC アップルティーwithルイボス
=IMAGE("http://www.itoen.co.jp/files/products/tea/161031teastea_peach.jpg"),伊藤園,紅茶,TEAs' TEA NEW AUTHENTIC ピーチティーwithグリーンティー
=IMAGE("http://www.itoen.co.jp/files/products/tea/1620TEASORE.jpg"),伊藤園,紅茶,TEAs' TEA ORANGE TEA
=IMAGE("http://www.itoen.co.jp/files/products/tea/160620TEASPE.jpg"),伊藤園,紅茶,TEAs' TEA BROOKLYN PEACH TEA
=IMAGE("http://www.itoen.co.jp/files/products/tea/160620TEASMAS.jpg"),伊藤園,紅茶,TEAs' TEA CENTRAL PARK MUSCAT TEA
=IMAGE("http://www.itoen.co.jp/files/products/soda/161107vivit%27s.jpg"),伊藤園,炭酸飲料,Vivit's 日本の林檎Sparkling
=IMAGE("http://www.itoen.co.jp/files/products/soda/160926Vivit%27s.jpg"),伊藤園,炭酸飲料,Vivit's 山梨県産ラ・フランスMIX SODA
=IMAGE("http://www.itoen.co.jp/files/products/soda/160725_01.jpg"),伊藤園,炭酸飲料,Vivit's 果皮まるごと日向 夏みかんソーダ
=IMAGE("http://www.itoen.co.jp/files/products/23454_ext_01_0.jpg"),伊藤園,炭酸飲料,磨かれて、澄みきった炭酸水
=IMAGE("http://www.itoen.co.jp/files/products/soda/160516Stylee500.jpg"),伊藤園,炭酸飲料,スタイリースパークリング
=IMAGE("http://www.itoen.co.jp/files/products/soda/23235_ext_01_0.jpg"),伊藤園,炭酸飲料,スタイリー炭酸水レモン
=IMAGE("http://www.itoen.co.jp/files/products/soda/161114syoga.jpg"),伊藤園,炭酸飲料,本生姜スパークリング
=IMAGE("http://www.itoen.co.jp/files/products/soda/160808HoneySquash.jpg"),伊藤園,炭酸飲料,Honey Squash
=IMAGE("http://www.itoen.co.jp/files/products/soda/150907_10.jpg"),伊藤園,炭酸飲料,チチヤス 乳酸菌の白い炭酸水
=IMAGE("http://www.itoen.co.jp/files/products/14122_ext_01_0.jpg"),伊藤園,その他お茶,金の烏龍茶
=IMAGE("http://www.itoen.co.jp/files/products/chinese_tea/160912Relaxjas500.jpg"),伊藤園,その他お茶,Relaxジャスミンティー
=IMAGE("http://www.itoen.co.jp/files/products/chinese_tea/160912jasminmilk.jpg"),伊藤園,その他お茶,Relaxジャスミンミルクティー
=IMAGE("http://www.itoen.co.jp/files/products/rooibos/151207_04.jpg"),伊藤園,その他お茶,ヘルシー ルイボスティー
=IMAGE("http://www.itoen.co.jp/files/products/23319_ext_01_0.jpg"),伊藤園,その他お茶,やさしいハーブ レモングラスティー
=IMAGE("http://www.itoen.co.jp/files/products/rooibos/160314rooibis%20500PET.jpg"),伊藤園,その他お茶,ヘルシールイボスティー
=IMAGE("http://www.itoen.co.jp/files/products/chinese_tea/160425ougonoolong.jpg"),伊藤園,その他お茶,黄金烏龍茶
=IMAGE("http://www.itoen.co.jp/files/products/chinese_tea/15032702.jpg"),伊藤園,その他お茶,2つの働き カテキンジャスミン茶
=IMAGE("http://www.itoen.co.jp/files/products/chinese_tea/150316041.jpg"),伊藤園,その他お茶,2つの働き カテキン烏龍茶
=IMAGE("http://www.itoen.co.jp/files/products/chinese_tea/160822_05.jpg"),伊藤園,その他お茶,Relax PEACH
=IMAGE("http://www.itoen.co.jp/files/products/yasai/713%20yasai%20VF400.jpg"),伊藤園,その他,充実野菜 ベジタブル&ファイバー
=IMAGE("http://www.itoen.co.jp/files/products/yasai/160229kokusan.jpg"),伊藤園,その他,国産無添加 充実野菜
=IMAGE("http://www.itoen.co.jp/files/products/23366_ext_01_0.jpg"),伊藤園,その他,PREMIUM 無添加 充実野菜
=IMAGE("http://www.itoen.co.jp/files/products/yasai/160307%201day265.jpg"),伊藤園,その他,栄養×濃厚 １日分の野菜
=IMAGE("http://www.itoen.co.jp/files/products/yasai/160912aojiru.jpg"),伊藤園,その他,ごくごく飲める青汁
=IMAGE("http://www.itoen.co.jp/files/products/water/160627_01.jpg"),伊藤園,ミネラルウォーター,エビアン フレンチラベル
=IMAGE("http://www.itoen.co.jp/files/products/water/160418kajitsumizu555.jpg"),伊藤園,ミネラルウォーター,無添加Style 果実の水スーパーフルーツmix
=IMAGE("http://www.itoen.co.jp/files/products/fruit/160314VFOR340.jpg"),伊藤園,果汁飲料,ビタミンフルーツ ぎゅっとオレンジまるごと搾り
=IMAGE("http://www.itoen.co.jp/files/products/fruit/160314VFAP340.jpg"),伊藤園,果汁飲料,ビタミンフルーツ シャリっとりんごMixなめらか搾り
=IMAGE("http://www.itoen.co.jp/files/products/fruit/160905budou.jpg"),伊藤園,果汁飲料,ビタミンフルーツ 完熟ぶどう100%
=IMAGE("http://www.itoen.co.jp/files/products/fruit/160606vitamin.jpg"),伊藤園,果汁飲料,1日分のビタミンフルーツ パイン&フルーツミックス
=IMAGE("http://www.itoen.co.jp/files/products/13950_ext_01_0.jpg"),伊藤園,果汁飲料,ビタミンフルーツ 熟ミックス
=IMAGE("http://www.itoen.co.jp/files/products/fruit/160411asai_pet.jpg"),伊藤園,果汁飲料,太陽のスーパーフルーツ ブルーベリー&アサヒーMix
=IMAGE("http://www.itoen.co.jp/files/products/fruit/160411zakuro_pet.jpg"),伊藤園,果汁飲料,太陽のスーパーフルーツ ざくろ&ベリーベリーMix
=IMAGE("http://www.itoen.co.jp/files/products/fruit/161017kabos.jpg"),伊藤園,果汁飲料,日本の果実 はちみつかぼす
=IMAGE("http://www.itoen.co.jp/files/products/fruit/160704_03.jpg"),伊藤園,果汁飲料,キリッと瀬戸内レモン
=IMAGE("http://www.itoen.co.jp/files/products/fruit/161003lemon.jpg"),伊藤園,果汁飲料,あたたまるビタミンレモン
=IMAGE("http://www.itoen.co.jp/files/products/22526_ext_01_0.jpg"),伊藤園,乳性飲料,朝のYoo フェカリス菌1000
=IMAGE("http://www.itoen.co.jp/files/products/23489_ext_01_0.jpg"),伊藤園,乳性飲料,朝のYoo フェカリス菌1000 乳酸菌Water
=IMAGE("http://www.itoen.co.jp/files/products/1503301.jpg"),伊藤園,乳性飲料,朝のYoo たっぷりナタデココ
=IMAGE("http://www.itoen.co.jp/files/products/soda/150907_10.jpg"),伊藤園,その他,黒酢で活性 もろみ酢プラス
=IMAGE("http://www.itoen.co.jp/files/products/14348_ext_01_0.jpg"),伊藤園,その他,アクアピクス 天然水仕上げ
