=IMAGE("http://www.sangaria.co.jp/images/products/cha/anatano-hatomugi-blend-cha-500p.jpg"),サンガリア,その他お茶,あなたのはと麦ブレンド茶 500mlPET
=IMAGE("http://www.sangaria.co.jp/images/products/cha/anatano-houjicha-500p.jpg"),サンガリア,その他お茶,あなたのほうじ茶 500mlペット
=IMAGE("http://www.sangaria.co.jp/images/products/cha/anatano-macchairi-genmaicha-500p.jpg"),サンガリア,その他お茶,あなたの抹茶入り玄米茶 500mlペット
=IMAGE("http://www.sangaria.co.jp/images/products/cha/anatano-koubashi-mugicha-500p.jpg"),サンガリア,その他お茶,あなたの香ばし麦茶 500mlペット
=IMAGE("http://www.sangaria.co.jp/images/products/cha/anatano-ocha-macchairi-500p.jpg"),サンガリア,緑茶,あなたの抹茶入りお茶 500mlペット
=IMAGE("http://www.sangaria.co.jp/images/products/cha/anatano-koi-oolongtea-500p.jpg"),サンガリア,その他お茶,あなたの濃い烏龍茶 500mlペット
=IMAGE("http://www.sangaria.co.jp/images/products/cha/anatano-koi-ocha-500p.jpg"),サンガリア,緑茶,あなたの濃いお茶 500mlペット
=IMAGE("http://www.sangaria.co.jp/images/products/cha/anatano-oolongtea-500p.jpg"),サンガリア,その他お茶,あなたの烏龍茶 500mlペット
=IMAGE("http://www.sangaria.co.jp/images/products/cha/anatano-ocha-500p.jpg"),サンガリア,緑茶,あなたのお茶 500mlペット
=IMAGE("http://www.sangaria.co.jp/images/products/cha/ocha-desu-500p.jpg"),サンガリア,緑茶,お茶です。 500mlペット
=IMAGE("http://www.sangaria.co.jp/images/products/cha/koi-tochucha-500p.jpg"),サンガリア,その他お茶,濃い杜仲茶 500mlペット
=IMAGE("http://www.sangaria.co.jp/images/products/cha/oishii-ocha-gyokuroiri-500p.jpg"),サンガリア,緑茶,おいしいお茶 500mlペット
=IMAGE("http://www.sangaria.co.jp/images/products/coffee/kodawarino-cafe-au-lait-500p.jpg"),サンガリア,コーヒー飲料,こだわりのカフェオレ 500mlペット
=IMAGE("http://www.sangaria.co.jp/images/products/coffee/ano-coffee-500p.jpg"),サンガリア,コーヒー飲料,アノコーヒー 500mlペット
=IMAGE("http://www.sangaria.co.jp/images/products/fruit/tsubu-aloe-shirobudou-aji-500p.jpg"),サンガリア,果汁飲料,つぶアロエ白ぶどう味 500mlペット
=IMAGE("http://www.sangaria.co.jp/images/products/fruit/tsubutsubu-orange-500p.jpg"),サンガリア,果汁飲料,つぶつぶオレンジ 500mlペット
=IMAGE("http://www.sangaria.co.jp/images/products/fruit/tsubutsubu-nata-de-coco-peach-500p.jpg"),サンガリア,果汁飲料,つぶつぶナタデココ入りピーチ 500mlペット
=IMAGE("http://www.sangaria.co.jp/images/products/fruit/sukkirito-mango-500p.jpg"),サンガリア,果汁飲料,すっきりとマンゴー 500mlPET
=IMAGE("http://www.sangaria.co.jp/images/products/fruit/tsubutsubu-nata-de-coco-ringo-500p.jpg"),サンガリア,果汁飲料,つぶつぶナタデココ入りりんご 500mlペット
=IMAGE("http://www.sangaria.co.jp/images/products/fruit/tsubutsubu-nata-de-coco-shirobudou-500p.jpg"),サンガリア,果汁飲料,つぶつぶナタデココ入り白ぶどう　500mlペット
=IMAGE("http://www.sangaria.co.jp/images/products/fruit/sukkirito-hachimitsulemon-500p.jpg"),サンガリア,果汁飲料,すっきりとはちみつレモン 500mlPET
=IMAGE("http://www.sangaria.co.jp/images/products/fruit/sukkirito-fruitmix-500p.jpg"),サンガリア,果汁飲料,すっきりとフルーツミックス 500mlPET
=IMAGE("http://www.sangaria.co.jp/images/products/fruit/sukkirito-grape-500p.jpg"),サンガリア,果汁飲料,すっきりとグレープ 500mlPET
=IMAGE("http://www.sangaria.co.jp/images/products/fruit/sukkirito-orange-500p.jpg"),サンガリア,果汁飲料,すっきりとオレンジ 500mlペット
=IMAGE("http://www.sangaria.co.jp/images/products/fruit/sukkirito-apple-500p.jpg"),サンガリア,果汁飲料,すっきりとアップル 500mlペット
=IMAGE("http://www.sangaria.co.jp/images/products/fruit/oishii-100per-apple-500p.jpg"),サンガリア,果汁飲料,おいしい100% アップルジュース 500mlペット
=IMAGE("http://www.sangaria.co.jp/images/products/fruit/oishii-100per-fruitmix-500p.jpg"),サンガリア,果汁飲料,おいしい100% フルーツミックスジュース 500mlペット
=IMAGE("http://www.sangaria.co.jp/images/products/soda/oishii-natsu-mikan-soda-500p.jpg"),サンガリア,炭酸飲料,おいしい夏みかんソーダ 500mlペット
=IMAGE("http://www.sangaria.co.jp/images/products/soda/tennensui-ramupet-500p.jpg"),サンガリア,炭酸飲料,天然水ラムペット 500mlペット
=IMAGE("http://www.sangaria.co.jp/images/products/soda/tennensui-sanorange-500p.jpg"),サンガリア,炭酸飲料,天然水サンオレンジ 500mlペット
=IMAGE("http://www.sangaria.co.jp/images/products/soda/tennensui-sangrape-500p.jpg"),サンガリア,炭酸飲料,天然水サングレープ 500mlペット
=IMAGE("http://www.sangaria.co.jp/images/products/soda/iga-tennensui-tansansui-GF-500p.jpg"),サンガリア,炭酸飲料,伊賀の天然水炭酸水グレープフルーツ 500mlペット
=IMAGE("http://www.sangaria.co.jp/images/products/soda/ramupet-alpha-500p.jpg"),サンガリア,炭酸飲料,ラムペットα 500mlペット
=IMAGE("http://www.sangaria.co.jp/images/products/soda/tansansui-spark-o-alpha-500p.jpg"),サンガリア,炭酸飲料,炭酸水スパークオーα 500mlペット
=IMAGE("http://www.sangaria.co.jp/images/products/soda/iga-tennensui-tansansui-lemon-500p.jpg"),サンガリア,炭酸飲料,伊賀の天然水炭酸水レモン 500mlペット
=IMAGE("http://www.sangaria.co.jp/images/products/soda/iga-tennensui-tansansui-500p.jpg"),サンガリア,炭酸飲料,伊賀の天然水炭酸水 500mlペット
=IMAGE("http://www.sangaria.co.jp/images/products/soda/ramubottle-500bc.jpg"),サンガリア,炭酸飲料,ラムボトル 500gボトル缶
=IMAGE("http://www.sangaria.co.jp/images/products/soda/yogurun-soda-500p.jpg"),サンガリア,炭酸飲料,ヨーグルンソーダ 500mlペット
=IMAGE("http://www.sangaria.co.jp/images/products/soda/grape-ramubottle500b.jpg"),サンガリア,炭酸飲料,グレープラムボトル 500gボトル缶
=IMAGE("http://www.sangaria.co.jp/images/products/soda/melon-soda-500bc.jpg"),サンガリア,炭酸飲料,メロンソーダ 500gボトル缶
=IMAGE("http://www.sangaria.co.jp/images/products/supplement/miracle-body-v-500p.jpg"),サンガリア,炭酸飲料,ミラクルボディV 500mlペット
=IMAGE("http://www.sangaria.co.jp/images/products/supplement/postonic-water-lemon-500p.jpg"),サンガリア,スポーツ飲料,ポストニックウォーターレモン 500mlペット
=IMAGE("http://www.sangaria.co.jp/images/products/supplement/postonic-water-500p.jpg"),サンガリア,スポーツ飲料,ポストニックウォーター 500mlペット
=IMAGE("http://www.sangaria.co.jp/images/products/supplement/miracle-body-v-500bc.jpg"),サンガリア,炭酸飲料,ミラクルボディV 500gボトル缶
=IMAGE("http://www.sangaria.co.jp/images/products/milky/maroyaka-ichigo-and-milk-500p.jpg"),サンガリア,果汁飲料,まろやかいちご＆ミルク 500mlペット
=IMAGE("http://www.sangaria.co.jp/images/products/milky/kodawarino-milk-shake-500p.jpg"),サンガリア,清涼飲料,こだわりのミルクセーキ 500mlペット
=IMAGE("http://www.sangaria.co.jp/images/products/milky/mikkuchu-juichu-ichigo-500p.jpg"),サンガリア,果汁飲料,みっくちゅじゅーちゅいちご 500mlペット
=IMAGE("http://www.sangaria.co.jp/images/products/milky/mikkuchu-juichu-500p.jpg"),サンガリア,果汁飲料,みっくちゅじゅーちゅ 500mlペット
=IMAGE("http://www.sangaria.co.jp/images/products/milky/shiroi-nata-de-coco-apple-500p.jpg"),サンガリア,果汁飲料,白いナタデココりんご 500mlペット
=IMAGE("http://www.sangaria.co.jp/images/products/milky/shiroi-nata-de-coco-500p.jpg"),サンガリア,果汁飲料,白いナタデココ 500mlペット
=IMAGE("http://www.sangaria.co.jp/images/products/milky/ano-fruit-milk-500p.jpg"),サンガリア,果汁飲料,アノ フルーツ＆ミルク 500mlペット
=IMAGE("http://www.sangaria.co.jp/images/products/hyosho/hyosho-sharpet-grape-500p.jpg"),サンガリア,果汁飲料,氷晶シャーペット グレープ 500gペット
=IMAGE("http://www.sangaria.co.jp/images/products/hyosho/hyosho-lemonwater-500p.jpg"),サンガリア,果汁飲料,氷晶 レモンウォーター 500gペット
=IMAGE("http://www.sangaria.co.jp/images/products/hyosho/hyosho-postonic-amino-500p.jpg"),サンガリア,スポーツ飲料,氷晶 ポストニックアミノ 500gペット
=IMAGE("http://www.sangaria.co.jp/images/products/hyosho/hyosho-ocha-490p.jpg"),サンガリア,緑茶,氷晶 お茶 490gペット
=IMAGE("http://www.sangaria.co.jp/images/products/misc/grantea-straight-500p.jpg"),サンガリア,紅茶,グランティーストレートティー　500mlペット
=IMAGE("http://www.sangaria.co.jp/images/products/misc/grantea-mutou-500p.jpg"),サンガリア,紅茶,グランティー無糖　500mlペット
=IMAGE("http://www.sangaria.co.jp/images/products/misc/grantea-lemon-500p.jpg"),サンガリア,紅茶,グランティーレモンティー　500mlペット
=IMAGE("http://www.sangaria.co.jp/images/products/misc/sangaria-tennensui-500p.jpg"),サンガリア,ミネラルウォーター,サンガリア天然水 500mlペット